Gene,AgingVeh1,AgingVeh2,AgingVeh3,AgingVeh4,AgingVeh5,AgingVeh6,AgingVeh7,AgingVeh8,AgingVeh9,YoungVeh1,YoungVeh2,YoungVeh3,YoungVeh4,YoungVeh5,YoungVeh6,YoungVeh7,YoungVeh8,YoungVeh9,YoungVeh10,YoungVeh11,YoungVeh12,YoungVeh13,YoungVeh14,YoungVeh15,YoungVeh16,YoungVeh17,YoungVeh18,YoungVeh19,YoungVeh20
Abcb9,-0.795917082,0.033023982,-0.876581763,-0.448967752,-0.823369422,-0.841488573,-0.666063161,-0.967620367,-0.725730703,-0.460256754,-0.27146492,-0.273288996,2.289132001,1.20290506,1.534471352,1.189335964,-1.931059653,-0.21803977,0.086449132,-0.16221292,1.023112,-0.169053203,2.066827843,1.39136248,-0.30521032,0.184675608,0.181128794,-0.264867846,-0.981231012
Abcc12,0.19322827,1.066366491,0.706012618,2.104886183,0.023537019,2.101406595,0.344323218,1.784027793,-1.024887946,-1.093446648,-1.093446648,-0.967367189,-1.093446648,0.545749461,0.549828231,0.642643699,0.892805824,-1.081109994,0.477204476,0.100383925,-1.06831031,-1.027542612,-1.069780327,-0.763002067,-0.113502418,-1.065368037,-0.175774039,-0.322436484,0.427017563
Acss3,-0.753049483,-0.358635831,-0.325665938,-1.135927782,-1.186155482,-1.312041276,-1.054095028,-1.125124181,0.532003488,0.164919494,0.073927522,0.711159091,3.442644848,0.172968752,0.004008327,0.112767865,-2.119507668,0.124911638,0.318537818,0.954051007,0.877406283,0.658908799,0.072422911,-0.185334234,0.885159552,-0.044558545,0.289325342,0.231278598,-0.026305886
Adipoq,-1.345797512,-0.979138746,-1.150554156,-1.384413367,-1.061880428,-0.811322469,-1.286960518,-2.098522735,-0.43374352,0.709038669,-0.222399992,1.487134324,1.378377589,-0.23620562,0.847624463,0.515990093,-1.011385133,-0.045758549,0.715599987,0.850018769,1.312388373,1.346537927,0.895080831,-0.036895013,0.123815087,-0.081373847,0.251902771,1.003323404,0.749519319
Agt,-0.292183802,-0.629199008,-0.289599752,1.780630296,2.476436406,2.541821566,0.642008124,1.557574571,1.17877906,-0.472907571,-0.647969659,0.315895283,-0.949025932,-0.634817138,0.246953426,-0.419949076,-0.296524424,-0.572161199,-0.164389494,-0.18156326,-0.515137907,0.072428472,-0.545827123,-0.541863946,-1.529072436,-0.990443308,-0.352850894,-0.577793846,-0.20924743
Ambp,0.240461116,0.039200059,-0.035190151,1.85630309,2.040715429,1.359996022,2.071348894,2.121345905,1.555122896,-0.697737903,-0.66692347,-0.730156085,-0.898218926,-0.510005744,-0.522960536,-0.553051098,-0.710037467,-0.712764464,-0.655928122,-0.462355073,-0.247446555,-0.62631806,-0.424851075,-0.06241019,-0.896115957,-0.442149092,-0.136475907,-0.723316753,-0.570080784
Ank2,0.259136479,-0.059670812,0.617073371,1.403137217,1.598613538,3.389413942,2.216498789,-1.364119606,-0.060910751,-0.157940715,-0.282950371,-0.323601282,-0.673473804,-0.29405736,-0.4841781,-0.412676563,-1.364119606,-0.402461377,-0.325246585,-0.347069504,-0.719747358,-0.252514648,-0.454257427,-0.115215292,-0.548030169,-0.353154741,-0.288544402,-0.212588625,0.012655761
Apcs,-0.505887407,-0.443016629,0.044645745,0.982853875,1.703189553,2.384467947,3.262354063,1.42805811,0.571718251,-0.479465089,-0.483928242,-0.611813162,-0.027327763,-0.525279038,-0.479341216,-0.645042071,-0.819277345,-0.510376836,-0.654216122,-0.568927101,-0.431237508,-0.458568222,-0.514641043,-0.222182505,-0.256191058,-0.401932345,-0.500898735,-0.405134254,-0.432603856
Arhgap29,-1.379682461,-0.701647585,-0.131645418,0.894699317,1.26314011,2.900607081,1.933602827,1.503333392,0.408178151,-0.718648585,-0.643668084,-0.407441917,1.605283621,-0.219621195,-0.770483831,-0.869564096,-0.632384491,-0.664197553,-0.439118773,0.037817613,0.035297278,-0.296968665,-0.678322153,-0.197817617,0.571324257,-0.782270419,-0.282297099,-0.626242381,-0.711261322
Arhgap30,0.608476736,0.274807437,1.113097298,1.070155625,0.605938377,1.456617536,0.534706492,3.260496634,-0.301650008,-0.300282187,-0.658730082,-0.181531691,-1.114899547,-0.111233606,-0.017735181,-0.660755508,-2.292841607,-0.578318017,-0.433447408,-0.142890761,-0.162776767,0.217201149,0.792080339,0.291234436,-1.290023978,-0.696660797,-0.631794539,-0.523210631,-0.126029742
Arsb,-0.458510011,-0.358869441,0.098743828,1.001404948,1.088508446,2.979638362,1.837311017,2.638250153,-0.159323062,-0.584370719,-0.435027297,-0.402232891,0.009666228,-0.078722968,-0.48395468,-0.567164639,-1.439821419,-0.432008438,-0.441878953,-0.390868132,-0.339132461,-0.491436024,-0.507002079,-0.296631542,0.526300114,-0.40539348,-0.575974201,-0.678279304,-0.653221356
Bicd1,1.471047686,0.385817164,0.717173242,1.094026106,0.435750528,0.213902922,0.118222823,3.887282609,0.023173844,-0.040644132,-0.623097982,-0.823043893,-1.164085456,-0.504810086,-0.08873413,0.022005337,-1.925770776,-0.238515475,-0.49762408,-0.631971136,-0.657484579,-0.615680775,0.005896187,-0.050342115,-0.770454832,0.232617779,-0.181839764,0.086673136,0.120509848
Blvrb,-0.820123306,-0.97967393,-0.976941447,-0.635973295,-0.493607333,-0.662652074,-0.550064076,0.104900368,0.768731202,0.355498278,2.839059538,-0.566669622,-0.02187808,-0.467575304,-0.60300174,-0.476554417,-0.41489479,1.578760589,-0.55105745,-0.924762552,2.079716872,1.860265809,1.129054643,-0.597978509,-0.419953247,0.472660022,-0.240022257,-0.172877939,-0.612385952
C1qa,-0.339706354,-0.234455677,-0.321129755,2.12632244,1.936528603,2.018644187,1.344726484,2.600034052,-0.186100532,-0.12705319,-0.070232866,-0.192046214,-0.981046068,-0.306025301,-0.460316359,-0.333977943,-1.674630899,-0.372860944,-0.464210509,-0.648154765,-0.550604644,-0.911995942,-0.409817761,-0.14284288,-0.063823396,-0.409792692,-0.386014145,-0.120263497,-0.319153433
C1qb,-0.300084209,-0.097219908,-0.186510761,1.732030634,2.211394692,1.478048816,1.294085253,3.101835404,-0.677260561,-0.090228901,-0.054192082,-0.284303733,-1.384812728,-0.495443655,-0.437176244,-0.33625963,-0.190858167,-0.830521837,-0.361698379,-0.71575843,-0.78988745,-0.847766097,-0.323967897,0.080807384,-0.54875854,-0.465572987,-0.346925312,-0.010126423,-0.122868252
C1qc,-0.426637405,-0.102239924,-0.388347161,2.159446558,2.27755946,1.833424283,1.478665159,2.256068649,-0.117466497,-0.173357443,-0.172459726,-1.37567556,-1.046858738,-0.24767509,-1.427018565,-0.39509117,-0.473133231,-0.45841116,-0.329649302,-0.585981008,-0.55982355,-0.532283658,-0.367202577,0.066120422,-0.274156517,-0.337478981,-0.103352797,-0.001025378,-0.175959093
C4b,-0.681239941,-0.079196065,-0.224132554,2.016808539,2.797235785,2.284383594,2.317830476,0.166081069,-0.045749183,-0.391366964,-0.302175279,-0.380218003,-0.792729548,-0.257579436,-0.625495138,-0.547452413,-0.514005531,-0.547452413,-0.480558649,-0.357920082,-0.692388902,-0.625495138,-0.67009098,0.455954046,-0.246430475,-0.458260728,-0.246430475,-0.313324239,-0.558601374
Cables1,0.485452574,0.42847319,1.391704047,0.941023659,1.224350553,1.220057301,1.264976674,3.264145804,-0.390394611,-0.361825723,-0.461555623,-0.507961656,-0.902283724,-0.480044398,0.051939639,0.468557443,-1.222206083,0.147672229,-0.70373954,-0.420482115,-0.768545427,-0.988744833,0.476004639,-0.380631282,-0.681627204,-0.987543,-0.882251323,-1.059176409,-0.165344802
Ccdc150,-0.360624606,-0.021136901,-0.601667362,-1.128872492,-1.071111243,-1.51154334,-0.873673117,-2.005315503,-2.093438471,0.942621476,0.705911478,0.630309293,0.568589614,1.413860357,1.620594752,1.345656281,-0.016863093,0.573836082,0.503893008,0.303908281,1.037293685,0.277764368,0.889066244,0.263115524,-0.494910592,0.808247066,-0.301203942,-0.240162178,-1.164144669
Cd2ap,-1.349052855,-0.453786172,-0.229563126,-0.690840503,0.319177277,-0.240382593,1.175158439,-0.867608339,-1.192601785,0.240092061,0.41500723,0.723172963,-0.332618753,-1.349052855,-0.990586258,-0.501237302,-1.349052855,0.742379761,0.878459655,0.53158107,-0.856659648,0.456100529,-1.349052855,0.027579448,2.972422345,0.931414376,0.990748691,0.798014184,0.550787868
Cd5l,0.042175496,0.153265787,0.077779581,1.967728971,0.798777891,1.922570373,0.619918502,3.841509184,-0.667264486,-0.360491098,-0.536789211,-0.435396267,-0.532968099,-0.345933985,-0.667264486,-0.329822356,-0.667264486,-0.282240462,-0.667264486,-0.472676205,-0.558460207,-0.45689323,-0.37989411,-0.237095037,-0.411617453,-0.364251194,-0.48118513,-0.281269756,-0.287684038
Ceacam15,3.054107027,1.579907427,0.847009909,2.004159228,0.70156004,0.075625768,0.140609514,-0.264466666,-1.219419059,0.489090267,-0.098362796,-0.365473069,-1.742164558,0.004685179,0.540422011,-0.09469663,0.118184706,-0.002955827,-0.373937202,-0.934519486,-0.556817709,-0.493041578,0.471826252,-0.018530265,-1.461185671,-0.658733884,-0.989928961,-0.458172383,-0.294781584
Cfb,-0.142771846,0.250982208,0.083935034,2.004977542,1.647019311,3.138511942,1.205537492,1.802134544,-0.0711802,-0.250159316,-0.906416073,-0.333682903,-1.252442364,-0.142771846,-0.345614844,-0.548457842,-0.512662019,-0.429138431,-0.262091257,-0.584253665,-0.918348014,-0.691641135,-0.667777252,0.107798916,-0.381410667,-0.393342608,-0.357546785,-0.500730078,-0.548457842
Cfh,-0.425487767,-0.246371143,-0.319344582,2.360770837,2.20155606,2.234725805,2.121948671,1.412116122,0.363952171,-0.365782226,-0.339246429,-0.518363054,-1.015909233,-0.418853818,-0.54489885,-0.631140188,-0.425487767,-0.352514328,-0.518363054,-0.584702545,-0.743917322,-0.505095156,-0.631140188,0.105228157,-0.637774137,-0.299442735,-0.312710633,-0.471925411,-0.491827258
Cfp,0.75639643,1.17529347,0.187050113,3.113900855,1.695212763,1.344822943,-0.19047438,2.021302636,-0.379405265,-0.286638249,-0.399955022,-0.5146209,-1.537539462,-0.470654538,-0.300426421,-0.15860981,-0.711509897,-0.508011892,-0.532978361,-0.747285265,-0.914807141,-0.565983247,-0.202857235,-0.086834222,-1.062325327,-0.157838893,-0.428358496,-0.0634658,-0.073399387
Chmp5,-0.717525931,-0.148271869,-0.329726926,-0.339841256,-0.227954519,-0.312291782,-0.148137061,-0.470657257,-0.230107699,-0.956261201,-0.956261201,0.343948892,4.248818126,0.559866067,0.098153063,-0.956261201,-0.123796762,-0.956261201,0.324053506,0.534990281,0.56204546,0.122650638,-0.150702154,-0.038092697,1.664058115,-0.956261201,0.134858234,-0.207568582,-0.367461879
Colec11,1.395775119,1.693701828,1.380992354,2.40338626,1.226089828,0.74978318,0.082834716,-0.362014804,-0.489314146,0.117173925,-1.000701004,-0.864196877,-2.167381399,-0.361601482,0.573346969,0.285395834,0.366790409,-0.670144227,0.107276547,-0.242274407,-1.474970833,-1.452342404,-0.898647794,-0.092108324,-0.264645906,-0.100881169,-0.280683531,-0.036738118,0.376099455
Cp,0.126290957,-0.033096117,0.185194876,0.691075589,0.635636607,1.650862969,0.628706734,4.457461445,0.216379304,-0.431563801,-0.500862529,-0.348405328,-0.719153522,-0.52858202,-0.507792402,-0.348405328,-0.552836575,-0.421168992,-0.441958611,-0.462748229,-0.597880748,-0.393449501,-0.563231384,-0.2791066,-0.497397593,-0.223667618,-0.143974081,-0.313755964,-0.282571537
Cpb2,-0.551584654,0.289967758,0.033536045,1.115078373,1.887839014,2.854041219,2.754756119,0.4034707,0.984715916,-0.575398381,-0.606402251,-0.597367191,-0.932399285,-0.412206476,-0.498847906,-0.48886138,-0.254870343,-0.502131624,-0.327030923,-0.278776895,-0.684445677,-0.630834817,-0.773736514,0.064617271,-0.760017611,-0.65716258,-0.016241875,-0.318796487,-0.520909543
Csmd1,-0.682197591,-0.473252118,0.126546261,0.827279512,1.180467174,1.965621023,1.234782798,4.040358083,-0.305298337,-0.405451048,-0.286239777,-0.450095842,-0.337504798,-0.495733306,-0.662848671,-0.489623025,-0.489819019,-0.37574895,-0.376384114,-0.374651023,-0.300327722,-0.478761715,-0.569299853,-0.181875019,-0.412276343,-0.298777921,-0.155775209,-0.365123558,-0.407989891
Csn2,-0.238400849,1.173211889,0.830061986,1.621999714,-0.088584253,2.205423887,0.37473981,1.000697849,-0.770645259,-1.138045412,-1.124664893,-0.965480434,-1.128454569,1.040700552,0.800522771,0.593611388,-1.138045412,-1.085924989,0.908469707,0.768560102,-1.066747163,-0.930398017,-1.078874308,-0.731629889,0.529425753,-1.077960576,0.181909145,-0.274070506,0.808591976
Ctnnd1,-1.276070261,-0.521211724,-0.298100417,-0.99955325,-0.396649582,-0.848707237,-0.520995009,-0.770305307,1.433566735,0.008725939,-0.14438113,0.073841457,3.275839608,-0.604305525,-0.830521269,0.121840132,-1.536922418,0.096200987,0.363411912,0.09182877,0.140533573,-0.282121326,-1.145759764,-0.33555412,1.362990009,0.601924404,1.354754854,0.930572116,0.655127842
Dcst1,1.307698352,0.582281361,1.041182468,0.774916815,0.504501512,0.958919331,0.541389596,3.713910766,-0.117731022,0.061260637,-0.230928853,-0.235960562,-1.131402635,-0.507518582,-0.407678867,-0.264134384,-2.146769556,-0.22246482,-0.422133824,-0.506630265,-0.784252194,-0.578246113,-0.267860727,-0.147748205,-0.856929435,-0.221445133,-0.414053478,-0.097007801,0.074835619
Ddias,1.413878299,0.585619363,1.008026925,0.654106973,0.677436493,0.863607897,0.472491759,3.705116086,-0.414357645,0.232674649,-0.092331022,-0.290822424,-1.143927071,-0.682296657,-0.433092881,-0.298250994,-2.08644123,-0.098616736,-0.352513844,-0.593283336,-0.876117583,-0.437207166,-0.374852889,-0.210205292,-0.717100462,-0.101230068,-0.413946217,-0.069291025,0.072926099
Dhrs1,-0.81068871,1.05576653,-0.81068871,0.966056096,1.483252116,2.106672376,1.778232275,1.612918064,-0.81068871,-0.81068871,0.31813733,0.731382826,-0.81068871,1.189072561,0.779621932,-0.81068871,-0.81068871,-0.81068871,-0.81068871,0.454186767,0.402654507,-0.81068871,-0.81068871,0.093065979,-0.81068871,-0.81068871,-0.81068871,-0.81068871,-0.81068871
Dnah12,-0.834783164,1.187976362,0.524145402,2.328373826,0.136359504,2.347113657,0.407486016,1.46639671,-0.922881892,-0.922881892,-0.922881892,-0.922881892,-0.922881892,0.816413279,0.823119199,0.537155674,-0.922881892,-0.922881892,0.588464492,0.356389793,-0.915143445,-0.922881892,-0.922881892,-0.635997124,-0.289882417,-0.922881892,0.102176373,-0.278221203,0.561275989
Efhc1,-0.195023698,0.716445829,0.717984347,1.549585859,0.077972011,2.68295919,0.546133402,0.743056349,-0.762660089,-1.026316778,-1.082952815,-0.985328412,-1.14510564,0.87998805,0.596933645,0.601465345,-1.14510564,-1.026492869,0.664409668,0.738736104,-1.074688569,-0.878542902,-1.037523164,-0.764202252,1.099864803,-1.074324721,0.30248619,-0.339884963,0.620131718
Egln1,1.159166742,0.580032216,0.418202661,1.239972707,0.630471075,1.798298902,-0.244493302,3.802444193,-0.845052206,-0.056324384,-0.139551012,-0.298866157,-0.936053082,-0.170033627,-0.140968925,-0.243505618,-1.449223691,-0.364219049,-0.357561387,-0.506500826,-0.643326903,-0.482801426,-0.30938918,-0.069825525,-0.658314593,-0.255749554,-0.685922879,-0.295739049,-0.475166124
Elp1,-0.765628725,-0.278636724,-0.429590083,-0.47221438,-0.502825905,-0.289453387,-0.528195224,-1.007830418,-0.122935847,-0.111115044,0.1466464,0.952838489,3.468572753,0.912872212,-1.016274798,-0.312142537,-1.36698497,0.294587337,-0.056286008,1.113685587,1.985877778,1.017125645,-1.002085404,-0.046628537,0.388954413,-0.529081231,-0.367333359,-0.444630044,-0.631287988
Exoc2,0.031401615,0.070135596,0.390740396,1.305612163,1.564502501,1.832891688,2.442519488,1.77745058,-0.89643477,-1.183525279,0.129176169,0.204839724,0.11892938,-1.183525279,-0.355719424,-1.183525279,-1.183525279,-1.183525279,0.095883456,-0.145813595,-0.11494234,-0.198618211,-0.368155809,0.232934248,0.328137755,-1.183525279,-1.183525279,-0.118083692,-0.042709963
Fbxw11,-0.855228048,-0.959152318,-1.012639482,-0.742331845,0.682553485,-0.905472231,-0.578189102,0.318963231,1.573382373,0.164683113,2.573322413,-0.754787387,-0.213067004,-0.753542304,-0.840802393,-0.454319399,-1.024016651,1.65278455,-0.625733947,-0.931098385,1.58767854,0.925777043,0.026371504,-0.648058929,-0.307787625,1.566058668,0.392451922,0.445757174,-0.303556967
Fcn1,1.997518792,1.84149669,-1.397000522,1.511973046,0.766847273,0.829550885,1.092837105,0.681492789,-0.915117874,-1.397000522,-0.361567798,0.207668955,-0.304595856,-0.743434952,0.70806533,-1.397000522,-1.397000522,-0.458273575,-0.236936288,-0.463660484,-1.091282703,-1.049463057,0.077142013,0.34618576,-0.014116523,0.389591312,-0.775118592,0.237947689,1.313252154
Fga,-0.076045406,1.130166188,0.96747869,1.65309029,-0.087665942,2.303840283,0.374831375,1.536884934,-0.898779326,-1.104133363,-1.144171919,-1.049846288,-1.176276786,0.642103693,0.584001015,0.514277802,0.560759944,-1.118752927,0.630483158,0.38645191,-1.144535177,-1.016146735,-1.126123833,-0.847648969,0.316728697,-1.132486424,0.037835843,-0.370044956,0.653724229
Fgb,-0.086620978,0.969402892,0.945537946,1.756946118,-0.112872419,2.305839881,0.360846763,1.566026548,-0.887289924,-1.083183903,-1.124869521,-1.037639085,-1.154281396,0.694956011,0.635293645,0.551766333,0.575631279,-1.126820361,0.515968914,0.480171495,-1.126105964,-1.010194397,-1.122540183,-0.837173537,0.134129774,-1.122073146,-0.006673408,-0.396865279,0.742685903
Fgg,-0.06760677,1.02507696,0.933562409,1.812102091,-0.120685209,2.306280662,0.355190452,1.519255531,-0.872934811,-1.077839916,-1.128295365,-1.032491528,-1.161164518,0.629734103,0.677321669,0.631564394,0.611431193,-1.124271287,0.472329076,0.4064386,-1.122191528,-1.008549857,-1.122337219,-0.819856372,0.001944288,-1.123352481,0.018416908,-0.351301875,0.732230399
Flg2,-0.026075447,0.412051964,0.211450199,1.20612096,0.718736013,2.214679931,0.734448576,3.06401912,0.017169432,-0.10570461,-0.14641852,-0.077748324,-0.592543536,0.140647308,0.120322472,-1.748881539,-1.748881539,-1.748881539,-0.727991482,-0.250291024,-0.136513053,-0.236043082,-0.267635226,0.163233315,-0.678985758,0.067262059,-0.037124347,-0.307655368,-0.232766955
Frem2,0.264638533,0.084903958,0.13428081,1.657760487,1.339359551,1.966938267,2.509516488,2.517888931,-0.391925423,-0.390136797,-0.2765431,-0.767577985,-0.826633834,-0.505306442,-0.457157454,-0.201822064,-1.078794643,-0.515210169,-0.61838333,-0.65538513,-0.789429989,-0.5174518,-0.322552542,0.362803825,-0.641234214,-0.317015813,-0.513994357,-0.528697529,-0.522838237
Gapdh,-0.592636298,-0.676500568,-0.676500568,-0.57751821,0.616884918,-0.446856873,-0.502139995,-0.347660962,0.508449783,0.443929642,4.356582226,-0.329341354,0.175242062,-0.610418496,-0.676500568,-0.611879829,-0.676500568,0.984949311,-0.676500568,-0.676500568,0.925212035,0.807215583,0.393793394,-0.124578262,-0.330279396,0.252231184,-0.039192653,-0.255147825,-0.637836577
Gmnn,-1.131569737,-0.490030807,-0.548531664,-1.120642411,-1.039365629,-0.874470496,-0.933048126,-2.442481567,0.246258527,-0.186381672,-0.033706206,0.514796911,2.490250075,1.730954498,0.419099643,-0.327490039,-0.262783382,0.053111011,0.258580558,1.0478687,1.586954356,0.514681752,-0.164207134,1.23990301,0.185902327,-0.20497348,0.478521773,-0.470095476,-0.537105316
Gsn,-1.322998565,-1.122310345,-1.055414272,-1.21150511,-0.787829979,-0.966219508,-1.122310345,-2.937593269,-0.698635215,0.750779705,0.66158494,0.839974469,-1.033115581,0.193312428,0.616987558,0.906870542,0.304805883,0.616987558,0.616987558,0.795377087,0.304805883,0.728481014,0.66158494,0.304805883,0.148715046,0.773078396,0.728481014,1.241350908,1.06296138
H2-Q10,1.480992902,0.757389259,0.681417383,2.016061375,2.4088839,1.191521983,1.446193737,-0.749910054,-0.104345515,0.095105212,0.027790162,-0.668625253,-1.998899094,-0.599473757,-0.69386901,-0.18569906,-0.712729402,-0.117225184,-0.754471705,-0.901770332,-1.014289434,-0.700109978,-0.114779864,0.430683675,-1.311518598,0.212495313,-0.225899535,-0.098625037,0.203705909
Hba,-0.752790951,-0.819872698,-0.80425149,-0.720594508,-0.016569871,-0.733871137,-0.582231284,-0.519832183,0.475840424,0.195044471,2.246075783,-0.487276131,0.631838176,-0.42487703,-0.636491372,-0.639204376,-0.336704388,1.364349359,-0.549675232,-0.807926797,3.263452426,1.635649797,0.383598275,-0.631065363,0.216748506,0.260156576,-0.233610221,-0.31364385,-0.662264913
Hbb-b1,-0.749493293,-0.814648483,-0.806154196,-0.71708884,0.017412107,-0.750128675,-0.619240098,-0.438156387,0.538424889,0.316041385,2.508107359,-0.53219284,0.290626127,-0.4616655,-0.635124634,-0.536005129,-0.160494697,1.345359321,-0.577940304,-0.74377486,3.143488801,1.580450454,0.595609219,-0.649738407,-0.198617583,0.246149426,-0.297737088,-0.283758697,-0.609709376
Hp,-0.441083129,-0.441083129,-0.320477953,1.991221594,1.279837847,3.356450697,1.954606254,1.698298875,-0.333174061,-0.436966749,-0.440688212,-0.437916624,-0.437715303,-0.440200506,-0.43282297,-0.441083129,-0.433629083,-0.440874443,-0.441083129,-0.44095247,-0.436889789,-0.436541049,-0.441083129,-0.423330914,-0.435612327,-0.438778256,-0.441083129,-0.434806266,-0.432539515
Hpx,-0.388451469,-0.404771777,0.166439003,1.161977792,1.251739486,2.68792659,1.66790734,3.2183366,-0.282369467,-0.469236994,-0.455364732,-0.444756532,-0.594903365,-0.339490545,-0.505141671,-0.54267838,-0.487189332,-0.521461979,-0.457812778,-0.363971007,-0.461892855,-0.52309401,-0.451284655,-0.192607773,-0.298689775,-0.501061594,-0.404771777,-0.489637379,-0.573686965
Hspa5,1.26328495,0.510100613,1.068011638,0.271468649,1.031416935,2.713577993,0.997320627,2.366169714,0.735528111,-0.28736111,0.113343156,-0.575820371,-0.502898147,-0.060813319,-0.541489692,-0.213346718,-1.431635811,-0.33948993,-0.943581436,-0.680570189,-1.162563728,-0.313535675,-0.532733588,-0.944265799,0.304013419,-0.620491502,-0.523429055,-0.900489966,-0.799719768
Itga9,-0.114135986,-0.028720388,-0.43660577,-0.958933446,-1.309088142,-1.202645598,-1.085723551,-1.238652969,-1.307831281,0.065968806,-0.08986498,1.335806103,1.075347126,0.55976234,1.295858303,0.5630064,-3.22476519,0.460470316,0.623641454,0.506889252,0.743841531,0.836288757,0.628550006,0.496087041,0.204427338,0.587124545,0.282760354,0.634902249,0.096235379
Itih2,1.92615192,0.742082347,0.994271509,1.64469131,1.623964471,0.85275179,0.972635266,1.782156601,0.831816547,-0.15465338,-0.202959164,-0.437358105,-1.575464872,-0.840142082,-0.596731197,-0.522709482,-1.099518062,-0.208358752,-0.462050956,-1.198125269,-1.307803208,-1.205918358,-0.424525401,-0.028745101,-1.10245468,0.22640594,-0.237327066,-0.330376802,0.338294237
Itih3,0.055190626,-0.071811973,0.062472181,1.892395738,1.953346258,1.912712578,2.258098858,2.420633578,0.121842051,-0.516423668,-0.50611084,-0.536935549,-0.80097117,-0.708625037,-0.725823242,-0.557073601,-0.669655307,-0.502766688,-0.612863644,-0.46375226,-0.504383908,-0.411832575,-0.470156128,-0.274992563,-0.643854951,-0.416080827,-0.507098238,-0.456003417,-0.319476284
Itih4,-0.494528321,-0.272770371,-0.355929603,1.048537414,1.455093655,2.074167932,3.284596742,2.185046907,0.13378587,-0.457568663,-0.559207723,-0.476048492,-0.53148798,-0.466808578,-0.586927467,-0.559207723,-0.654640333,-0.476048492,-0.466808578,-0.392889261,-0.577687552,-0.457568663,-0.666079347,-0.152651482,-0.263530457,-0.328209859,-0.245050628,-0.365169517,-0.374409432
Kctd8,0.062256305,1.118937808,1.201010158,1.796034694,-0.081370307,2.124324093,0.246919092,1.570335732,-0.87511252,-1.069385979,-1.133988203,-1.040856604,-1.184438856,0.370027617,0.513654229,0.708576059,0.729094147,-1.127334495,0.400804748,0.18536483,-1.146114085,-1.007786577,-1.128002667,-0.788034783,0.02122013,-1.115891045,0.000702043,-0.295479627,0.944534065
Kif5a,-0.71965266,-0.395693341,-0.280376824,-1.164861503,-0.424596341,-0.564749064,-0.379332859,-1.355742607,-0.20471737,0.127041171,-0.006229886,0.425767712,4.045936512,0.255809985,0.013139868,0.000480711,-2.077751524,0.163828928,0.168478913,0.352728735,1.113382292,0.356919942,0.074934902,0.157390487,0.689176141,-0.001859833,0.26515661,-0.101033592,-0.533575503
Kirrel1,-0.722604486,0.688146488,1.716819072,0.511802616,0.835099714,0.42363068,0.570583907,3.81825021,0.791013746,0.261982131,-0.031924322,-0.296440129,-1.457370618,-0.825471744,-0.560955937,-0.178877548,-0.296440129,-0.487479323,-0.531565291,-0.854862389,-1.075292229,-0.737299808,-0.590346582,-0.13479158,-0.781385776,0.041552292,0.129724227,-0.017228999,-0.208268193
Lats1,-1.984635236,0.171226048,-0.810139166,0.12112038,-0.054663278,-0.141451584,-0.827110594,-1.249607826,-0.743737503,-0.418921114,0.281340554,0.114204333,-1.234672208,0.62272882,1.411938275,0.421392888,-2.811530965,0.150925024,0.940676727,0.287495551,0.298587863,0.795002133,1.43348552,0.362126074,-0.893968888,0.774425227,0.9047266,0.979328584,1.09970776
Ldlrap1,0.519015717,0.265665672,0.353857457,2.446126404,1.143346154,2.582044342,1.343592801,1.47514947,-0.177796026,-0.240623071,-0.340716658,-0.531564276,-1.140038033,-0.138613995,-0.266758467,-0.245531976,-2.332237827,-0.365407385,-0.071591707,-0.214452983,-0.56745801,-0.448192188,-0.234814654,-0.194309374,-0.463788679,-0.52327291,-0.680566019,-0.556748123,-0.394315656
Lum,-0.688668527,-0.705292864,-0.687639377,-0.397449676,-0.769945894,-1.306387727,-1.430665218,-1.724849243,-0.649153247,0.831126026,1.081881963,0.838202705,-1.368360891,0.136938951,0.503637285,-1.098025632,-1.366730555,0.967656515,0.458996635,0.292513808,0.283501104,0.88772927,2.308221048,1.332439203,0.373001481,-0.14231221,0.413505153,0.901454665,0.724675245
Lyz2,-0.49415503,-0.266965882,-0.785145177,1.007038926,1.855661938,2.043330624,0.26647341,3.393886261,0.195892792,-0.05629432,0.125220197,0.046043812,-0.201544397,-0.55907398,-0.617709156,-0.791247503,-1.164972749,0.137821191,-0.843430836,-0.820303371,-0.213041655,0.177346671,0.239247904,0.398328137,-0.850319157,-0.069171248,-0.798452729,-0.465303186,-0.889161491
Med13l,0.546966377,0.572260827,1.135866496,0.718492032,1.254308002,0.782096836,0.932655988,2.995591017,0.324723585,0.180533462,-0.28108759,-0.193924858,-0.870019768,-0.581660894,-0.568009158,0.049626398,-2.981785803,-0.146306746,-0.538525681,-0.657560275,-0.863164513,-0.749526495,-0.550505013,0.087728368,-0.748826543,-0.053159691,-0.03309618,0.021970277,0.214339543
Mis18bp1,-1.212159696,-0.740259018,0.118506793,-0.054571011,-0.481758325,-1.212159696,-0.548301045,-0.59019945,-0.187771505,0.106990005,-0.381370898,0.315611462,1.029391535,2.173660938,-1.212159696,-0.518617416,-1.212159696,0.07365153,0.14118754,2.234761659,1.908111341,1.872955032,-1.212159696,-0.437025785,-0.494122669,0.401080373,0.288121507,-0.070643891,-0.098590223
Mroh2a,-1.149230791,-0.512406064,-0.730646051,-1.008397278,-1.250363594,-0.829467162,-0.311337056,-1.715059913,-1.006422709,0.723848814,0.688562176,0.878406144,0.681875312,0.475693908,0.706418512,0.58685145,-2.734056532,0.840878201,0.986711118,1.307254572,0.757838831,0.375057526,-0.092337618,-0.718828269,1.465071979,0.916452734,0.272735536,0.109601979,0.285294245
Mug2,-2.663716862,0.147171353,-0.036301871,0.044371234,0.418378106,-0.908003505,-0.580264432,-1.689754017,0.685068144,0.364462872,0.321945415,0.385570772,0.656068221,0.052418162,-1.325677396,-0.057279324,-2.753937847,0.02783712,-0.248383677,0.832057068,0.422960045,0.594260965,0.137567217,0.909265183,0.545441303,1.075543907,1.096757794,0.585146004,0.961028047
Ncor2,0.706215531,-1.114245712,0.467841033,-0.666495965,0.109548162,0.85242599,-1.114245712,0.091944511,-0.984991641,1.362076711,0.717242617,1.050750531,0.190729999,-1.114245712,-1.114245712,-1.114245712,-1.114245712,0.75455234,0.428343846,1.051700164,-1.114245712,1.602933958,-1.114245712,-1.114245712,0.389666368,-1.114245712,0.037111455,1.198016925,1.782844588
Nek7,-0.79504369,-0.173193067,-0.50545364,-0.474739544,-1.019355039,-0.186573255,-0.694858998,-1.665965362,-1.170665496,-0.011326128,-0.061843221,0.871755744,-0.275394315,1.81191513,1.328524054,-0.3600817,0.258400059,-0.026786385,0.334669252,1.000820579,1.535657633,1.102574585,2.642275458,0.431977309,-0.579862415,-0.744984424,-0.806971006,-0.645207277,-1.120264844
Nlrp10,0.303464911,1.1647113,1.244108747,1.955520392,-0.872640747,1.767428031,0.132043891,2.029466912,-0.872640747,-0.872640747,-0.872640747,-0.872640747,-0.872640747,0.209393448,0.627496704,0.558566249,-0.872640747,-0.872640747,0.569619798,0.607958318,-0.872640747,-0.872640747,-0.872640747,-0.872640747,0.213934202,-0.872640747,-0.872640747,-0.42654663,1.259804179
Nphs2,-0.586502602,0.488668528,-0.719573047,-0.777082938,-0.687231954,-0.882640243,-0.590231886,-2.385154817,-1.170205173,0.125829317,0.408218124,0.312316725,-0.209164059,1.838560996,1.243910423,0.77697622,-2.385154817,0.82048969,0.708634383,0.422825776,0.706653685,0.618767925,0.730623232,0.568716602,0.950774778,0.691682389,0.264586533,-0.042042621,-1.243251168
Nt5dc1,-0.305523158,0.442294674,0.025415384,-0.844795532,-0.774620816,-0.72724865,-0.755130191,-1.584825578,-1.401347054,0.898927644,0.230225667,1.589215329,0.020008376,1.810236056,1.350248836,0.454463088,-2.674311318,1.039573349,0.723850616,0.859025826,0.387145304,0.630259639,0.581776444,-0.058588999,0.424560533,-0.387749894,-0.607236343,-0.408510267,-0.937338967
Ntn5,0.771685666,0.710998613,0.539609282,1.826684665,1.888894688,0.661126856,1.936172981,0.017760223,-0.816551562,-0.378554153,0.028387906,-0.861512292,-1.639381475,-0.790914896,-0.202617984,-0.226433707,-2.601042265,-0.384403242,-0.082888245,-0.230726717,-1.078083073,-0.01799647,-0.51579805,0.666037883,-0.862108237,0.295227741,0.081195244,0.438320726,0.826909891
Orm1,-0.969605496,-0.03367882,0.182464422,0.813989232,1.098722349,2.141449083,2.131836862,3.434569018,-0.151370692,-0.341880275,-0.383018137,-0.319966854,-0.447524746,-0.474411335,-0.458409172,-0.829739657,-0.754043099,-0.354595906,-0.495797883,-0.455263997,-0.51729366,-0.371526522,-0.508304692,-0.154821068,-0.513698716,-0.355720331,-0.262916784,-0.396270279,-0.253172845
Otop3,0.892120418,1.031052497,0.943361647,1.472401033,-0.46877424,1.707887516,-0.746273839,1.068855743,-1.019452615,-1.019452615,-1.019452615,-1.019452615,-1.019452615,0.253751192,0.618564402,1.041466221,-1.019452615,-1.019452615,0.803671918,-0.777562563,-1.019452615,-1.019452615,0.518186878,0.652138756,0.244022206,-1.019452615,0.154790696,-1.019452615,1.804318286
Pabir2,-0.34825586,-0.24670327,-0.289912809,-1.094743298,-1.094649399,-1.293482139,-1.220631576,-1.41835317,-0.408586455,0.181072735,0.040676944,1.04585822,1.430878534,0.768337481,0.899609345,0.327055561,-3.235344817,0.243062226,0.368105406,0.849764222,1.185909711,1.118098435,0.785834136,0.201214233,0.01502666,0.384193564,0.535810376,0.402472718,-0.132317713
Phtf2,-1.14544892,-0.089094787,0.861676541,0.304194696,1.622512955,0.366183688,1.853491502,3.158613025,-0.685367011,-0.054364188,-0.336089534,-0.257908682,-0.849783183,-1.14544892,-1.14544892,-0.548436608,-1.14544892,-0.119795031,-0.131261925,-0.51678495,-1.068466474,-0.272448275,-1.14544892,0.101125463,0.280342487,0.438640902,0.539159014,0.474209673,0.656895299
Pigz,-0.358390643,-0.266413812,0.255273495,1.305549754,1.077356666,3.270197676,1.865460613,2.226121826,-0.67136776,-0.398717905,-0.440693689,-0.413607908,-0.502841305,0.10506121,-0.23168004,-0.480332017,-1.29185973,-0.465663457,-0.295800141,-0.180903941,-0.350943591,-0.485806584,-0.382244994,-0.171554118,-0.154589111,-0.613279936,-0.59283745,-0.621169874,-0.734323234
Pla2g4e,2.142620778,0.897119701,1.020411224,0.762281134,0.14321363,0.089659384,0.016994567,3.214272309,-1.397496855,0.015826984,-0.192663694,-0.22777701,-0.933100503,-0.319123142,0.595763316,0.609602599,-1.397496855,-0.513422546,-0.181906485,-0.477708269,-1.397496855,-1.397496855,-0.15871796,0.161190961,-0.563407081,0.044965027,-0.307181181,-0.10888109,-0.140045231
Pla2g7,-0.267817895,-0.2781692,-0.369664639,0.978526941,1.007423634,2.306835039,0.322318711,4.138174492,-0.287594779,-0.355610428,-0.259508798,-0.235841058,-0.491692221,-0.335314576,-0.415286123,-0.352858496,-0.5556487,-0.546380214,-0.307208959,-0.335766219,-0.478678751,-0.349739078,-0.599455199,-0.146025953,-0.306810616,-0.313125193,-0.300728874,-0.377533314,-0.486819533
Pld1,0.487161134,0.136455355,-0.223359164,2.174927068,1.53380894,0.883393467,1.612152677,2.260656386,0.099175961,-0.303931863,-0.304261921,-0.674222505,-1.388364866,-0.177198213,-0.237928862,-0.229655982,-2.583050058,-0.316002551,-0.389215388,-0.601318293,-0.570772937,-0.420892371,0.2793747,0.251799865,-1.126148889,0.160060922,-0.350787222,-0.159923755,0.178068366
Plin4,0.063594264,0.106290777,-0.442389788,-0.50193279,-0.965646478,-1.163787675,-1.080869941,-1.496715298,-0.147440209,0.108512193,0.055035014,0.329465967,0.595346736,1.669732082,2.454390444,0.444027538,-2.317545558,0.214750256,0.116055938,0.521133324,1.468208894,0.510524932,1.680177269,0.144372186,-0.385956766,-0.326023883,-0.3697359,-0.363452467,-0.920121061
Psd,-0.490131512,-0.339355482,-0.041391036,-0.151187682,0.040731778,0.043103311,-0.16108393,-1.948009369,0.73886841,-0.088629128,0.200886954,0.343139729,3.446563973,0.293890291,-0.11380661,-0.536895297,-2.079501088,-0.130086384,-0.075851377,0.492196843,1.392056462,0.634959586,0.111767226,-0.034597395,0.834253979,-1.627051747,0.17720015,-0.286300893,-0.645739764
Ptpn22,0.317291883,0.788776508,0.923296084,1.208741043,0.310935135,2.399830176,0.513684951,2.589137222,-0.700758195,-1.375274011,-0.415095028,-0.925339162,-0.80096167,0.608243726,0.049584948,0.124470537,-1.375274011,-0.636719849,0.232627124,0.117786477,-0.551997667,-0.633739585,-1.375274011,-0.857651571,0.82918521,-1.046170197,-0.120336027,-0.404012352,0.20501231
Rgs13,-0.568468911,-0.221463088,-0.4985394,-0.834552556,-0.592484666,-0.796274718,-0.267114855,-1.707381144,-0.312209892,0.28391572,-0.029697287,0.970373318,2.137822817,0.703077969,0.155726171,0.45858667,-1.843410745,0.052196436,0.335997159,0.52257774,0.658616074,0.172209712,-0.970952218,-0.931631878,3.055290143,0.262028634,0.578075966,-0.074235596,-0.698077572
Rgs6,0.637143861,0.514288247,0.785919992,1.24505876,0.994939634,2.570620405,0.8086839,2.812929766,-0.071814267,0.076110261,0.2060285,0.212023784,-0.303334389,-0.848326066,0.196165806,-0.848326066,-0.848326066,-0.848326066,-0.848326066,-0.848326066,-0.346180225,-0.848326066,-0.082253781,-0.848326066,-0.076417464,-0.848326066,-0.848326066,-0.848326066,-0.848326066
Ric1,-0.271143448,1.610069189,1.687898622,1.181218634,-0.376501152,1.713841767,-0.017505108,0.889257081,-0.762005901,-0.921753407,-0.975169278,-0.871692218,-0.977359009,1.24444986,1.141982223,-0.984245253,-0.984245253,-0.952945109,1.220828627,0.753618539,-0.963715898,-0.912345126,-0.956119512,-0.725467057,0.389664761,-0.950244687,0.035509708,-0.280872127,1.014990531
Rnase4,-0.052705393,0.058851558,0.275156044,1.229171053,0.750984917,2.617045408,1.134388589,3.482386339,-0.478867763,-0.387678588,-0.322249172,-0.782449392,-0.691576911,-0.291091282,-0.054574804,-0.064444561,-0.984155247,-0.984155247,-0.385205512,-0.375518187,-0.492029489,-0.481009797,-0.245909728,-0.176028159,-0.516853516,-0.361976224,-0.661503362,-0.387027779,-0.370973794
Ruvbl1,-0.268405755,0.824712973,0.979821893,1.187188855,0.409606827,1.669148072,0.572718525,3.465616616,-1.08609734,-0.318858192,-1.096136892,-1.099456527,-0.806681542,0.061608431,0.173389378,0.384341427,0.249531679,-1.135948345,0.02337076,-0.14509898,-1.103248622,-0.652640312,-0.556048644,-0.40798909,-0.337697861,-1.118707273,-0.079796834,-0.189729731,0.401486505
Ryr1,-0.926119812,-0.286743176,-0.462156897,-0.798061419,-0.124229301,-0.884852948,-2.131517407,-1.395813855,-1.010049901,0.72131948,0.807959828,0.554418613,-0.237161367,1.080140264,0.255943711,1.035555668,-2.131517407,0.553676452,1.750338545,0.157505762,0.380615654,-0.139218191,0.301693773,0.250514946,1.893053231,1.267219646,-0.297422039,0.410686892,-0.595778744
Saa4,0.71281099,0.629571122,0.809712978,0.210591746,0.560953333,1.932195565,3.623602949,0.763043666,0.677960679,0.348871759,0.344455952,-0.750976558,-0.322975882,-0.729935817,0.014714261,-0.644857438,-1.353847769,-0.74223019,-0.67727176,-0.642551236,-0.781616878,-0.601673925,-0.894375066,-0.171433091,-0.758371306,-0.41668313,-0.175595469,-0.570668054,-0.393421431
Sbno2,1.754542447,1.116819176,-0.066372141,1.881849836,1.246480677,1.204662758,1.086994251,1.823553135,-1.392330131,-0.089950329,-0.213587529,-1.046720598,-1.594765192,-0.1588498,-0.111192943,0.115024206,0.465063918,-0.148154348,-0.329142896,-1.094674036,-0.883675199,-0.948904481,0.550831433,0.266317583,-1.345989352,0.025920156,-0.723910728,-0.568576436,-0.821263438
Serpina3n,-0.787411269,-0.416931925,-0.230074453,0.255875734,0.883069981,1.545875505,3.82294293,1.455140914,1.785080109,-0.505172545,-0.564693124,-0.284055792,-0.051729297,-0.421276684,-0.549479903,-0.448867876,-0.571604048,-0.523017562,-0.43281458,-0.188031358,-0.208751004,-0.206723012,-0.677939083,-0.362615869,-0.411989925,-0.587204491,-0.227377027,-0.537023176,-0.55320117
Serpina7,-0.526191006,0.532679648,2.064601726,1.815492758,1.762488206,2.661479843,1.652831268,0.145334596,0.31874433,-0.514987449,-0.538900738,-0.598603638,-0.294728329,-0.961219742,-0.269265376,-0.901569207,-0.961219742,-0.189127499,-0.279700314,-0.545303532,-0.615739587,-0.686802254,-0.664860216,-0.655954528,-0.694264784,-0.289013388,0.115024725,-0.460456309,-0.420769462
Sorbs3,-0.414711639,0.519430834,0.40213379,-0.815618291,-0.828102599,-0.326587112,-0.495080309,-1.482104992,-1.74021394,-2.580559244,0.415397431,2.237679275,-0.481576874,1.741102059,0.300191097,0.525178411,0.642572871,0.861760153,0.97665925,-0.079868409,0.590222706,0.852857777,-0.243018682,0.238084287,0.942083861,-0.338202164,-0.522416897,-0.3597612,-0.537531453
Spata7,0.0044072,1.052040406,1.101795128,1.752900387,0.140126494,2.758685865,0.118508804,1.523134981,-0.95538505,-0.95538505,-0.95538505,-0.703080344,-0.95538505,0.737418804,1.047109443,0.621388452,-0.95538505,-0.95538505,0.070159188,0.522376467,-0.842724335,-0.880851586,-0.905182614,-0.505945692,-0.339565411,-0.95538505,-0.469822245,-0.58234245,0.467158412
Srrm3,-0.074081443,1.15569483,0.749530548,1.739641393,-0.102368093,2.799229248,0.269594525,1.226199973,-0.896396555,-0.918568422,-0.953672044,-0.884701226,-0.994940425,1.213986022,1.039333689,0.410832561,-1.01195276,-0.915444332,0.533804983,0.528378007,-0.956511837,-0.7887394,-0.883830567,-0.718491941,-0.094084471,-0.968561286,-0.255481707,-0.506599747,0.258200478
Tirap,-1.011774732,-0.285625324,0.810877618,0.394700802,1.725993003,0.957821336,1.723089911,3.043777387,-0.653732336,-0.298211578,-0.314239347,-0.407573757,-0.864424243,-1.011774732,-1.011774732,-0.693870959,-1.011774732,-0.300834488,-0.277071329,-0.474755021,-1.011774732,-0.270208554,-1.011774732,0.047968649,-0.076491296,0.124600153,0.279880135,0.444475328,1.434502304
Vill,0.139366538,-0.327303463,0.566836259,1.065095834,0.953205595,1.709910359,1.060627115,4.12762093,-0.469261134,-0.206141532,-0.303116329,-0.491270474,-0.553349155,-0.476095343,-0.408892292,-0.416451574,-0.440762125,-0.535754539,-0.521880427,-0.516300956,-0.557910436,-0.540773491,-0.359978076,-0.096315954,-0.636552688,-0.496639108,-0.443441299,-0.448059146,-0.376413088
Vsnl1,-0.738060446,-0.454691373,-0.473770713,-0.491572649,-0.191062527,-0.599404784,-0.503711499,-1.389733186,0.414621295,-0.251236011,-0.178965712,0.167122315,4.054366294,0.641754188,0.136247412,-0.183883838,-1.676955492,-0.130571443,-0.13023049,0.369234883,0.161641384,0.040722269,-0.271662816,0.339924626,1.838710741,-0.203035572,0.384222791,-0.296045606,-0.383974042
Wdr53,1.341108323,0.362399236,0.732098544,0.690749756,0.642248505,0.588666405,0.570291893,3.996875773,-0.460379312,-0.053386077,-0.244475112,-0.550857707,-1.086585434,-0.566836611,-0.421347587,-0.151066024,-1.84487401,-0.221849377,-0.414563303,-0.661139143,-0.786938034,-0.673627724,-0.181791665,-0.041781122,-0.658797534,0.203754003,-0.225010795,-0.027441835,0.144555969
Wdr64,-0.816390119,-0.623606954,-0.616080743,-0.779124658,-0.731069084,-0.627145418,-0.715750911,-1.055336294,-0.097485778,-0.254339583,-0.028454892,0.573216166,3.622227088,0.367691593,0.124447872,-0.663086524,-0.505011141,-0.09386656,-0.120695754,0.93362563,2.227029736,1.054652852,0.641254519,-0.280121919,0.597133834,-0.639060205,-0.320156485,-0.485123798,-0.689372468
Zfyve28,0.352646467,0.538989784,0.810354443,1.058454236,1.304446328,0.943893007,0.801458817,2.876335391,0.635503312,0.153392472,-0.132974539,-0.228598505,-0.517986823,-0.477475664,-0.805924593,-0.156680178,-2.850211434,-0.130722583,0.018395346,-0.751108306,-1.544381711,-0.715565875,-0.696123725,-0.161320329,-0.634832064,0.103833421,0.314050672,-0.07618679,-0.031660578
Znf704,0.147522424,-0.548407205,0.14883738,1.518238954,1.586239933,1.926318702,1.635499088,3.271799887,0.186727334,-0.643837585,-0.515666266,-0.657585529,-0.689876575,-0.508795988,0.004568926,-0.744811467,-0.609367996,-0.671001039,-0.251847585,-0.418736245,-0.417886695,-0.419312462,-0.659351116,-0.122708518,-0.739809461,-0.655901202,-0.255245787,-0.48155866,-0.414045249
Znrd1-as,-0.185339818,-0.044503562,0.240714863,1.010562159,1.174861318,2.24380092,1.855602192,3.484152274,-0.29540416,-0.278456807,-0.331620408,-0.451377605,-0.546620585,-0.455156278,-0.330239423,-0.645815293,-0.645815293,-0.477922631,-0.38281377,-0.484570569,-0.561522418,-0.417672396,-0.645815293,-0.492302701,-0.348992613,-0.645815293,-0.380374548,-0.645815293,-0.315726966