Gene,YoungVeh8,YoungVeh1,YoungVeh3,YoungVeh5,YoungVeh6,YoungVeh7,YoungVeh9,YoungVeh10,YoungVeh11,YoungVeh13,YoungVeh14,YoungVeh15,YoungVeh16,YoungVeh17,YoungVeh18,YoungVeh19,YoungVeh20,YoungVeh12,YoungVeh2,YoungVeh4,AgingVeh9,AgingVeh1,AgingVeh2,AgingVeh3,AgingVeh4,AgingVeh5,AgingVeh6,AgingVeh7,AgingVeh8,AgingIMP1,AgingIMP2,AgingIMP3,AgingIMP11,AgingIMP12,AgingIMP8,AgingIMP4,AgingIMP13,AgingIMP10,AgingIMP6,AgingIMP9,AgingIMP7,AgingIMP5
Sorbs3,0.642572871,-2.580559244,2.237679275,1.741102059,0.300191097,0.525178411,0.861760153,0.97665925,-0.079868409,0.852857777,-0.243018682,0.238084287,0.942083861,-0.338202164,-0.522416897,-0.3597612,-0.537531453,0.590222706,0.415397431,-0.481576874,-1.74021394,-0.414711639,0.519430834,0.40213379,-0.815618291,-0.828102599,-0.326587112,-0.495080309,-1.482104992,0.808233495,-2.580559244,-0.525129574,-1.244243704,-1.407866073,0.197229277,0.381608869,0.578952358,-0.395730395,-1.060021477,0.379398262,-0.733421187,-1.343413771
Fcn1,-1.397000522,-1.397000522,0.207668955,-0.743434952,0.70806533,-1.397000522,-0.458273575,-0.236936288,-0.463660484,-1.049463057,0.077142013,0.34618576,-0.014116523,0.389591312,-0.775118592,0.237947689,1.313252154,-1.091282703,-0.361567798,-0.304595856,-0.915117874,1.997518792,1.84149669,-1.397000522,1.511973046,0.766847273,0.829550885,1.092837105,0.681492789,0.651274388,-1.397000522,-1.397000522,-0.12057045,-0.680955435,0.621357654,-1.397000522,0.846245992,0.877524536,-1.397000522,1.273087366,2.116185917,2.536649192
Ptpn22,-1.375274011,-1.375274011,-0.925339162,0.608243726,0.049584948,0.124470537,-0.636719849,0.232627124,0.117786477,-0.633739585,-1.375274011,-0.857651571,0.82918521,-1.046170197,-0.120336027,-0.404012352,0.20501231,-0.551997667,-0.415095028,-0.80096167,-0.700758195,0.317291883,0.788776508,0.923296084,1.208741043,0.310935135,2.399830176,0.513684951,2.589137222,1.841653754,0.156323183,0.45924202,-0.351981195,-0.554598938,-0.484783817,0.182634491,7.015116095,-0.187676208,0.7791007,5.590791171,3.690950514,4.127010771
Exoc2,-1.183525279,-1.183525279,0.204839724,-1.183525279,-0.355719424,-1.183525279,-1.183525279,0.095883456,-0.145813595,-0.198618211,-0.368155809,0.232934248,0.328137755,-1.183525279,-1.183525279,-0.118083692,-0.042709963,-0.11494234,0.129176169,0.11892938,-0.89643477,0.031401615,0.070135596,0.390740396,1.305612163,1.564502501,1.832891688,2.442519488,1.77745058,0.997497974,-0.055181875,0.193985234,-1.183525279,-1.183525279,1.070188465,0.15427893,0.5850554,0.953070294,1.169664583,2.012584451,1.337184611,1.869176163
Csn2,-1.138045412,-1.138045412,-0.965480434,1.040700552,0.800522771,0.593611388,-1.085924989,0.908469707,0.768560102,-0.930398017,-1.078874308,-0.731629889,0.529425753,-1.077960576,0.181909145,-0.274070506,0.808591976,-1.066747163,-1.124664893,-1.128454569,-0.770645259,-0.238400849,1.173211889,0.830061986,1.621999714,-0.088584253,2.205423887,0.37473981,1.000697849,-0.491292789,-0.395083899,-1.138045412,0.623662221,0.499045062,-1.131899913,0.582732771,1.389213469,-0.956230693,0.731703402,2.049851588,1.56392657,2.255912518
Fga,0.560759944,-1.104133363,-1.049846288,0.642103693,0.584001015,0.514277802,-1.118752927,0.630483158,0.38645191,-1.016146735,-1.126123833,-0.847648969,0.316728697,-1.132486424,0.037835843,-0.370044956,0.653724229,-1.144535177,-1.144171919,-1.176276786,-0.898779326,-0.076045406,1.130166188,0.96747869,1.65309029,-0.087665942,2.303840283,0.374831375,1.536884934,0.700938465,0.563374565,0.771591321,0.558180185,0.328221407,-1.186012657,0.702542099,1.208500219,-1.019802556,0.342061465,2.495288606,2.068489575,3.134476167
Abcc12,0.892805824,-1.093446648,-0.967367189,0.545749461,0.549828231,0.642643699,-1.081109994,0.477204476,0.100383925,-1.027542612,-1.069780327,-0.763002067,-0.113502418,-1.065368037,-0.175774039,-0.322436484,0.427017563,-1.06831031,-1.093446648,-1.093446648,-1.024887946,0.19322827,1.066366491,0.706012618,2.104886183,0.023537019,2.101406595,0.344323218,1.784027793,0.559415144,0.57559306,1.64403576,0.87929896,0.094226066,-0.956278711,0.691025847,0.36761191,-1.000582089,-0.007620448,1.310767804,2.379679743,3.753994062
Fgb,0.575631279,-1.083183903,-1.037639085,0.694956011,0.635293645,0.551766333,-1.126820361,0.515968914,0.480171495,-1.010194397,-1.122540183,-0.837173537,0.134129774,-1.122073146,-0.006673408,-0.396865279,0.742685903,-1.126105964,-1.124869521,-1.154281396,-0.887289924,-0.086620978,0.969402892,0.945537946,1.756946118,-0.112872419,2.305839881,0.360846763,1.566026548,0.644624839,0.549272446,0.980571687,0.515766062,0.321159358,-1.157051401,0.656199338,1.033122299,-1.026186298,0.339010338,2.244578564,1.919561861,3.027647112
Fgg,0.611431193,-1.077839916,-1.032491528,0.629734103,0.677321669,0.631564394,-1.124271287,0.472329076,0.4064386,-1.008549857,-1.122337219,-0.819856372,0.001944288,-1.123352481,0.018416908,-0.351301875,0.732230399,-1.122191528,-1.128295365,-1.161164518,-0.872934811,-0.06760677,1.02507696,0.933562409,1.812102091,-0.120685209,2.306280662,0.355190452,1.519255531,0.363880674,0.554562221,1.006755747,0.553778856,0.397263352,-1.160671932,0.67468605,1.172195751,-1.018073227,0.341937315,1.766692572,1.898455221,3.078553649
Kctd8,0.729094147,-1.069385979,-1.040856604,0.370027617,0.513654229,0.708576059,-1.127334495,0.400804748,0.18536483,-1.007786577,-1.128002667,-0.788034783,0.02122013,-1.115891045,0.000702043,-0.295479627,0.944534065,-1.146114085,-1.133988203,-1.184438856,-0.87511252,0.062256305,1.118937808,1.201010158,1.796034694,-0.081370307,2.124324093,0.246919092,1.570335732,0.82582667,0.967678468,1.415711425,0.932972123,0.665744552,-1.174854386,0.904328873,0.920958782,-1.042559605,0.142759021,2.240384654,1.824000847,3.047679064
Efhc1,-1.14510564,-1.026316778,-0.985328412,0.87998805,0.596933645,0.601465345,-1.026492869,0.664409668,0.738736104,-0.878542902,-1.037523164,-0.764202252,1.099864803,-1.074324721,0.30248619,-0.339884963,0.620131718,-1.074688569,-1.082952815,-1.14510564,-0.762660089,-0.195023698,0.716445829,0.717984347,1.549585859,0.077972011,2.68295919,0.546133402,0.743056349,1.205741784,0.364952917,0.627590976,0.068011751,0.101359664,-1.14510564,0.59754249,1.717185829,-0.874088129,0.744161019,4.469170698,1.731400709,2.523456489
Otop3,-1.019452615,-1.019452615,-1.019452615,0.253751192,0.618564402,1.041466221,-1.019452615,0.803671918,-0.777562563,-1.019452615,0.518186878,0.652138756,0.244022206,-1.019452615,0.154790696,-1.019452615,1.804318286,-1.019452615,-1.019452615,-1.019452615,-1.019452615,0.892120418,1.031052497,0.943361647,1.472401033,-0.46877424,1.707887516,-0.746273839,1.068855743,0.585586023,1.079570625,2.250710424,1.95255139,1.055018328,0.24986467,0.499362922,0.88346609,-1.019452615,0.205004818,0.871223227,0.785206181,2.969653662
Chmp5,-0.123796762,-0.956261201,0.343948892,0.559866067,0.098153063,-0.956261201,-0.956261201,0.324053506,0.534990281,0.122650638,-0.150702154,-0.038092697,1.664058115,-0.956261201,0.134858234,-0.207568582,-0.367461879,0.56204546,-0.956261201,4.248818126,-0.230107699,-0.717525931,-0.148271869,-0.329726926,-0.339841256,-0.227954519,-0.312291782,-0.148137061,-0.470657257,-0.331033813,-0.727879171,-0.467766379,-0.666066795,-0.577698403,-0.062256997,-0.334231753,0.399396093,0.116022587,-0.05188054,-0.219064693,-0.351165112,-0.519472663
Spata7,-0.95538505,-0.95538505,-0.703080344,0.737418804,1.047109443,0.621388452,-0.95538505,0.070159188,0.522376467,-0.880851586,-0.905182614,-0.505945692,-0.339565411,-0.95538505,-0.469822245,-0.58234245,0.467158412,-0.842724335,-0.95538505,-0.95538505,-0.95538505,0.0044072,1.052040406,1.101795128,1.752900387,0.140126494,2.758685865,0.118508804,1.523134981,0.200589696,0.916504387,1.171003153,0.815040011,0.814385459,-0.95538505,1.023266275,0.060096533,-0.914874355,0.427972531,0.497486014,1.162406696,3.348341728
Dnah12,-0.922881892,-0.922881892,-0.922881892,0.816413279,0.823119199,0.537155674,-0.922881892,0.588464492,0.356389793,-0.922881892,-0.922881892,-0.635997124,-0.289882417,-0.922881892,0.102176373,-0.278221203,0.561275989,-0.915143445,-0.922881892,-0.922881892,-0.922881892,-0.834783164,1.187976362,0.524145402,2.328373826,0.136359504,2.347113657,0.407486016,1.46639671,-0.305063255,0.219161212,0.963904148,0.241987586,0.439965766,-0.913958688,0.538037549,0.485043721,-0.922881892,0.220864594,0.961145666,2.188901189,3.40890619
Ric1,-0.984245253,-0.921753407,-0.871692218,1.24444986,1.141982223,-0.984245253,-0.952945109,1.220828627,0.753618539,-0.912345126,-0.956119512,-0.725467057,0.389664761,-0.950244687,0.035509708,-0.280872127,1.014990531,-0.963715898,-0.975169278,-0.977359009,-0.762005901,-0.271143448,1.610069189,1.687898622,1.181218634,-0.376501152,1.713841767,-0.017505108,0.889257081,1.375844104,0.698440066,1.287377981,0.548395295,0.074956259,-0.956897287,0.960364646,1.510035018,-0.915465048,0.24755081,3.418669559,1.410776548,2.3734981
Srrm3,-1.01195276,-0.918568422,-0.884701226,1.213986022,1.039333689,0.410832561,-0.915444332,0.533804983,0.528378007,-0.7887394,-0.883830567,-0.718491941,-0.094084471,-0.968561286,-0.255481707,-0.506599747,0.258200478,-0.956511837,-0.953672044,-0.994940425,-0.896396555,-0.074081443,1.15569483,0.749530548,1.739641393,-0.102368093,2.799229248,0.269594525,1.226199973,0.419038098,0.394727326,1.056044091,0.23994137,-0.23857609,-0.982064761,0.687204912,0.249155517,-0.858254802,0.342650477,1.258462501,1.806723766,2.966040447
Nlrp10,-0.872640747,-0.872640747,-0.872640747,0.209393448,0.627496704,0.558566249,-0.872640747,0.569619798,0.607958318,-0.872640747,-0.872640747,-0.872640747,0.213934202,-0.872640747,-0.872640747,-0.42654663,1.259804179,-0.872640747,-0.872640747,-0.872640747,-0.872640747,0.303464911,1.1647113,1.244108747,1.955520392,-0.872640747,1.767428031,0.132043891,2.029466912,0.734927488,1.341446721,1.789100268,1.847937913,0.884994832,-0.872640747,1.011741514,0.649563349,-0.872640747,0.129696655,1.181771992,1.675247706,3.366936176
Dhrs1,-0.81068871,-0.81068871,0.731382826,1.189072561,0.779621932,-0.81068871,-0.81068871,-0.81068871,0.454186767,-0.81068871,-0.81068871,0.093065979,-0.81068871,-0.81068871,-0.81068871,-0.81068871,-0.81068871,0.402654507,0.31813733,-0.81068871,-0.81068871,-0.81068871,1.05576653,-0.81068871,0.966056096,1.483252116,2.106672376,1.778232275,1.612918064,-0.81068871,-0.419422484,-0.81068871,-0.81068871,-0.81068871,1.978917204,-0.81068871,1.710938775,1.284360541,1.883330332,-0.81068871,-0.81068871,0.349862628
Arhgap29,-0.632384491,-0.718648585,-0.407441917,-0.219621195,-0.770483831,-0.869564096,-0.664197553,-0.439118773,0.037817613,-0.296968665,-0.678322153,-0.197817617,0.571324257,-0.782270419,-0.282297099,-0.626242381,-0.711261322,0.035297278,-0.643668084,1.605283621,0.408178151,-1.379682461,-0.701647585,-0.131645418,0.894699317,1.26314011,2.900607081,1.933602827,1.503333392,-0.978509059,-0.833284143,-0.630900175,-1.162385189,-0.911851026,0.098756094,-0.751511608,-0.050072365,1.639099009,4.373211972,-0.041535401,1.792013628,1.043978219
Ambp,-0.710037467,-0.697737903,-0.730156085,-0.510005744,-0.522960536,-0.553051098,-0.712764464,-0.655928122,-0.462355073,-0.62631806,-0.424851075,-0.06241019,-0.896115957,-0.442149092,-0.136475907,-0.723316753,-0.570080784,-0.247446555,-0.66692347,-0.898218926,1.555122896,0.240461116,0.039200059,-0.035190151,1.85630309,2.040715429,1.359996022,2.071348894,2.121345905,-0.270023837,-0.431110062,-0.259540191,-0.618361721,0.062139277,0.089683811,-0.43459213,-0.090616192,1.728808218,1.511590801,0.137340721,3.170565494,2.197171376
Znf704,-0.609367996,-0.643837585,-0.657585529,-0.508795988,0.004568926,-0.744811467,-0.671001039,-0.251847585,-0.418736245,-0.419312462,-0.659351116,-0.122708518,-0.739809461,-0.655901202,-0.255245787,-0.48155866,-0.414045249,-0.417886695,-0.515666266,-0.689876575,0.186727334,0.147522424,-0.548407205,0.14883738,1.518238954,1.586239933,1.926318702,1.635499088,3.271799887,-0.315578649,-0.44961556,-0.181120657,-0.919635667,-0.568390111,-0.404884878,-0.620781522,-0.241918925,1.345255692,2.23065725,-0.486648575,3.424770694,1.526003107
Arsb,-1.439821419,-0.584370719,-0.402232891,-0.078722968,-0.48395468,-0.567164639,-0.432008438,-0.441878953,-0.390868132,-0.491436024,-0.507002079,-0.296631542,0.526300114,-0.40539348,-0.575974201,-0.678279304,-0.653221356,-0.339132461,-0.435027297,0.009666228,-0.159323062,-0.458510011,-0.358869441,0.098743828,1.001404948,1.088508446,2.979638362,1.837311017,2.638250153,0.961902641,-0.530004935,-0.466706082,-1.206109898,-1.199586246,0.22000032,-0.476963319,0.190745126,1.269397021,2.280643929,2.88654169,3.300435159,1.386790345
Cpb2,-0.254870343,-0.575398381,-0.597367191,-0.412206476,-0.498847906,-0.48886138,-0.502131624,-0.327030923,-0.278776895,-0.630834817,-0.773736514,0.064617271,-0.760017611,-0.65716258,-0.016241875,-0.318796487,-0.520909543,-0.684445677,-0.606402251,-0.932399285,0.984715916,-0.551584654,0.289967758,0.033536045,1.115078373,1.887839014,2.854041219,2.754756119,0.4034707,-0.777925285,-0.315547578,0.041611904,-0.797995031,0.055783334,0.68173972,-0.117507262,0.287929455,0.368521726,2.23872114,0.169232127,2.424450414,2.439844052
Itih3,-0.669655307,-0.516423668,-0.536935549,-0.708625037,-0.725823242,-0.557073601,-0.502766688,-0.612863644,-0.46375226,-0.411832575,-0.470156128,-0.274992563,-0.643854951,-0.416080827,-0.507098238,-0.456003417,-0.319476284,-0.504383908,-0.50611084,-0.80097117,0.121842051,0.055190626,-0.071811973,0.062472181,1.892395738,1.953346258,1.912712578,2.258098858,2.420633578,-0.236616084,-0.193798343,-0.152772548,-0.535397564,-0.455668189,0.157487947,-0.423630564,-0.205972194,0.985634852,1.610418316,1.016536766,3.568189652,3.033247255
Serpina7,-0.961219742,-0.514987449,-0.598603638,-0.961219742,-0.269265376,-0.901569207,-0.189127499,-0.279700314,-0.545303532,-0.686802254,-0.664860216,-0.655954528,-0.694264784,-0.289013388,0.115024725,-0.460456309,-0.420769462,-0.615739587,-0.538900738,-0.294728329,0.31874433,-0.526191006,0.532679648,2.064601726,1.815492758,1.762488206,2.661479843,1.652831268,0.145334596,-0.106105082,0.013746269,-0.096887863,-0.130895271,0.451149203,-0.048373433,0.113302876,-0.592486636,2.131381071,2.443861188,1.0941356,1.81847493,1.620906054
Serpina3n,-0.571604048,-0.505172545,-0.284055792,-0.421276684,-0.549479903,-0.448867876,-0.523017562,-0.43281458,-0.188031358,-0.206723012,-0.677939083,-0.362615869,-0.411989925,-0.587204491,-0.227377027,-0.537023176,-0.55320117,-0.208751004,-0.564693124,-0.051729297,1.785080109,-0.787411269,-0.416931925,-0.230074453,0.255875734,0.883069981,1.545875505,3.82294293,1.455140914,-0.598282972,-0.489020804,-0.55856977,-0.887380115,-0.5600399,0.77787036,-0.512739777,0.243773413,0.512367492,1.39746456,0.155565608,1.405478082,0.715068241
Apcs,-0.819277345,-0.479465089,-0.611813162,-0.525279038,-0.479341216,-0.645042071,-0.510376836,-0.654216122,-0.568927101,-0.458568222,-0.514641043,-0.222182505,-0.256191058,-0.401932345,-0.500898735,-0.405134254,-0.432603856,-0.431237508,-0.483928242,-0.027327763,0.571718251,-0.505887407,-0.443016629,0.044645745,0.982853875,1.703189553,2.384467947,3.262354063,1.42805811,-0.554156278,-0.49094016,-0.348930054,-0.642230171,-0.450561573,0.341458579,-0.487535551,-0.351940524,1.206540813,1.794873758,1.078824809,2.186985613,1.599433438
Agt,-0.296524424,-0.472907571,0.315895283,-0.634817138,0.246953426,-0.419949076,-0.572161199,-0.164389494,-0.18156326,0.072428472,-0.545827123,-0.541863946,-1.529072436,-0.990443308,-0.352850894,-0.577793846,-0.20924743,-0.515137907,-0.647969659,-0.949025932,1.17877906,-0.292183802,-0.629199008,-0.289599752,1.780630296,2.476436406,2.541821566,0.642008124,1.557574571,-0.507676101,-0.543199522,-0.303318442,-0.69128878,0.490942854,-1.270914287,-0.401381665,-0.402804343,1.786756525,4.489047959,0.067739438,3.747338679,1.28227169
Hpx,-0.487189332,-0.469236994,-0.444756532,-0.339490545,-0.505141671,-0.54267838,-0.521461979,-0.457812778,-0.363971007,-0.52309401,-0.451284655,-0.192607773,-0.298689775,-0.501061594,-0.404771777,-0.489637379,-0.573686965,-0.461892855,-0.455364732,-0.594903365,-0.282369467,-0.388451469,-0.404771777,0.166439003,1.161977792,1.251739486,2.68792659,1.66790734,3.2183366,-0.102234067,-0.448929634,-0.278011945,-0.859197697,-0.72306348,-0.047716078,-0.461419566,-0.125841393,0.959361168,1.96091399,0.776932765,2.560187539,1.647498795
Itih4,-0.654640333,-0.457568663,-0.476048492,-0.466808578,-0.586927467,-0.559207723,-0.476048492,-0.466808578,-0.392889261,-0.457568663,-0.666079347,-0.152651482,-0.263530457,-0.328209859,-0.245050628,-0.365169517,-0.374409432,-0.577687552,-0.559207723,-0.53148798,0.13378587,-0.494528321,-0.272770371,-0.355929603,1.048537414,1.455093655,2.074167932,3.284596742,2.185046907,-0.24266673,-0.444327865,-0.544303741,-0.746559927,-0.636369326,0.788590897,-0.582917344,-0.046124507,1.022711853,1.734277674,1.175983556,1.462457867,1.917080144
Hp,-0.433629083,-0.436966749,-0.437916624,-0.440200506,-0.43282297,-0.441083129,-0.440874443,-0.441083129,-0.44095247,-0.436541049,-0.441083129,-0.423330914,-0.435612327,-0.438778256,-0.441083129,-0.434806266,-0.432539515,-0.436889789,-0.440688212,-0.437715303,-0.333174061,-0.441083129,-0.441083129,-0.320477953,1.991221594,1.279837847,3.356450697,1.954606254,1.698298875,-0.38447006,-0.335508027,0.023909718,-0.422885044,-0.386719288,0.203451469,-0.243259863,-0.339808238,0.940528723,2.519920949,0.446797018,1.907100466,1.737189596
Cp,-0.552836575,-0.431563801,-0.348405328,-0.52858202,-0.507792402,-0.348405328,-0.421168992,-0.441958611,-0.462748229,-0.393449501,-0.563231384,-0.2791066,-0.497397593,-0.223667618,-0.143974081,-0.313755964,-0.282571537,-0.597880748,-0.500862529,-0.719153522,0.216379304,0.126290957,-0.033096117,0.185194876,0.691075589,0.635636607,1.650862969,0.628706734,4.457461445,-0.303080495,-0.058833664,0.027931808,-0.258895626,-0.154195643,-0.040964987,-0.143707281,-0.261352266,0.546428354,0.960301146,-0.44007715,1.745247836,0.85958584
Lats1,-2.811530965,-0.418921114,0.114204333,0.62272882,1.411938275,0.421392888,0.150925024,0.940676727,0.287495551,0.795002133,1.43348552,0.362126074,-0.893968888,0.774425227,0.9047266,0.979328584,1.09970776,0.298587863,0.281340554,-1.234672208,-0.743737503,-1.984635236,0.171226048,-0.810139166,0.12112038,-0.054663278,-0.141451584,-0.827110594,-1.249607826,-1.399572843,-0.11544268,-0.051495405,0.351338182,1.3340828,-0.04306677,-0.62194087,-0.969037015,-0.475942829,-0.621988436,-0.949830001,-0.180055875,0.139994435
Csmd1,-0.489819019,-0.405451048,-0.450095842,-0.495733306,-0.662848671,-0.489623025,-0.37574895,-0.376384114,-0.374651023,-0.478761715,-0.569299853,-0.181875019,-0.412276343,-0.298777921,-0.155775209,-0.365123558,-0.407989891,-0.300327722,-0.286239777,-0.337504798,-0.305298337,-0.682197591,-0.473252118,0.126546261,0.827279512,1.180467174,1.965621023,1.234782798,4.040358083,-0.70388936,-0.468063733,-0.245231754,-0.74470502,-0.708148591,-0.002860305,-0.53510805,-0.329401916,1.656459322,2.010354739,-0.482835841,2.775038149,1.628076551
Pigz,-1.29185973,-0.398717905,-0.413607908,0.10506121,-0.23168004,-0.480332017,-0.465663457,-0.295800141,-0.180903941,-0.485806584,-0.382244994,-0.171554118,-0.154589111,-0.613279936,-0.59283745,-0.621169874,-0.734323234,-0.350943591,-0.440693689,-0.502841305,-0.67136776,-0.358390643,-0.266413812,0.255273495,1.305549754,1.077356666,3.270197676,1.865460613,2.226121826,0.134098971,-0.546982311,-0.235666017,-1.072918046,-1.25682783,0.14096781,-0.420066667,-0.148971015,0.508563476,1.635176117,1.25649189,3.015784077,1.522227797
C4b,-0.514005531,-0.391366964,-0.380218003,-0.257579436,-0.625495138,-0.547452413,-0.547452413,-0.480558649,-0.357920082,-0.625495138,-0.67009098,0.455954046,-0.246430475,-0.458260728,-0.246430475,-0.313324239,-0.558601374,-0.692388902,-0.302175279,-0.792729548,-0.045749183,-0.681239941,-0.079196065,-0.224132554,2.016808539,2.797235785,2.284383594,2.317830476,0.166081069,-0.445595508,-0.459754689,-0.084391481,-1.24570067,-0.928055632,0.235996201,-0.522121974,0.584880627,1.639405071,2.32272487,1.112672425,2.686838776,2.694977518
Frem2,-1.078794643,-0.390136797,-0.767577985,-0.505306442,-0.457157454,-0.201822064,-0.515210169,-0.61838333,-0.65538513,-0.5174518,-0.322552542,0.362803825,-0.641234214,-0.317015813,-0.513994357,-0.528697529,-0.522838237,-0.789429989,-0.2765431,-0.826633834,-0.391925423,0.264638533,0.084903958,0.13428081,1.657760487,1.339359551,1.966938267,2.509516488,2.517888931,-0.298597857,-0.175464113,0.317070865,-0.34558562,-0.592631512,0.487241997,-0.189890802,-0.3658397,0.024779755,0.283226631,0.34783835,2.793300459,2.49102764
Rnase4,-0.984155247,-0.387678588,-0.782449392,-0.291091282,-0.054574804,-0.064444561,-0.984155247,-0.385205512,-0.375518187,-0.481009797,-0.245909728,-0.176028159,-0.516853516,-0.361976224,-0.661503362,-0.387027779,-0.370973794,-0.492029489,-0.322249172,-0.691576911,-0.478867763,-0.052705393,0.058851558,0.275156044,1.229171053,0.750984917,2.617045408,1.134388589,3.482386339,-0.323549766,-0.161785167,-0.04408806,-0.089048236,-0.31813831,0.100113906,-0.189989304,-0.346352696,0.198954961,0.969964384,1.016002751,2.931698998,1.51503529
Ntn5,-2.601042265,-0.378554153,-0.861512292,-0.790914896,-0.202617984,-0.226433707,-0.384403242,-0.082888245,-0.230726717,-0.01799647,-0.51579805,0.666037883,-0.862108237,0.295227741,0.081195244,0.438320726,0.826909891,-1.078083073,0.028387906,-1.639381475,-0.816551562,0.771685666,0.710998613,0.539609282,1.826684665,1.888894688,0.661126856,1.936172981,0.017760223,-0.024353215,0.131552585,0.756897404,1.057518484,1.538909508,0.848441158,-0.147018534,-0.067548182,1.120611388,0.952930159,-1.316516201,3.502834797,3.142895131
Cfh,-0.425487767,-0.365782226,-0.518363054,-0.418853818,-0.54489885,-0.631140188,-0.352514328,-0.518363054,-0.584702545,-0.505095156,-0.631140188,0.105228157,-0.637774137,-0.299442735,-0.312710633,-0.471925411,-0.491827258,-0.743917322,-0.339246429,-1.015909233,0.363952171,-0.425487767,-0.246371143,-0.319344582,2.360770837,2.20155606,2.234725805,2.121948671,1.412116122,-0.371567029,-0.299900478,0.399384093,-0.815683383,-0.405771671,0.444189785,-0.087149731,-0.178485942,1.467197801,2.150116419,0.468343993,3.420955504,2.972845513
Cables1,-1.222206083,-0.361825723,-0.507961656,-0.480044398,0.051939639,0.468557443,0.147672229,-0.70373954,-0.420482115,-0.988744833,0.476004639,-0.380631282,-0.681627204,-0.987543,-0.882251323,-1.059176409,-0.165344802,-0.768545427,-0.461555623,-0.902283724,-0.390394611,0.485452574,0.42847319,1.391704047,0.941023659,1.224350553,1.220057301,1.264976674,3.264145804,0.161933053,0.558187779,0.326755056,0.607469875,1.377990648,0.959308191,0.550726689,-0.569339887,0.29792496,0.102658376,0.236332761,1.638378512,3.193786477
Cd5l,-0.667264486,-0.360491098,-0.435396267,-0.345933985,-0.667264486,-0.329822356,-0.282240462,-0.667264486,-0.472676205,-0.45689323,-0.37989411,-0.237095037,-0.411617453,-0.364251194,-0.48118513,-0.281269756,-0.287684038,-0.558460207,-0.536789211,-0.532968099,-0.667264486,0.042175496,0.153265787,0.077779581,1.967728971,0.798777891,1.922570373,0.619918502,3.841509184,-0.218347944,-0.193710056,0.718861108,-0.025402234,-0.04763624,0.01723877,-0.174554574,-0.221038185,0.699273662,1.002050518,0.865416811,4.968082044,2.259737932
Pla2g7,-0.5556487,-0.355610428,-0.235841058,-0.335314576,-0.415286123,-0.352858496,-0.546380214,-0.307208959,-0.335766219,-0.349739078,-0.599455199,-0.146025953,-0.306810616,-0.313125193,-0.300728874,-0.377533314,-0.486819533,-0.478678751,-0.259508798,-0.491692221,-0.287594779,-0.267817895,-0.2781692,-0.369664639,0.978526941,1.007423634,2.306835039,0.322318711,4.138174492,-0.077527803,-0.498733353,-0.386263196,-0.418478477,-0.46686592,-0.168902618,-0.190483266,-0.323008025,1.307171063,0.805393647,1.686626348,4.598316658,1.389322276
Orm1,-0.754043099,-0.341880275,-0.319966854,-0.474411335,-0.458409172,-0.829739657,-0.354595906,-0.495797883,-0.455263997,-0.371526522,-0.508304692,-0.154821068,-0.513698716,-0.355720331,-0.262916784,-0.396270279,-0.253172845,-0.51729366,-0.383018137,-0.447524746,-0.151370692,-0.969605496,-0.03367882,0.182464422,0.813989232,1.098722349,2.141449083,2.131836862,3.434569018,-0.785559424,0.00032698,-0.349953641,-0.472284567,-0.321524985,0.260245662,-0.212266293,0.046556877,0.659303804,2.009522,-0.042128064,2.651905535,2.110935423
Ruvbl1,0.249531679,-0.318858192,-1.099456527,0.061608431,0.173389378,0.384341427,-1.135948345,0.02337076,-0.14509898,-0.652640312,-0.556048644,-0.40798909,-0.337697861,-1.118707273,-0.079796834,-0.189729731,0.401486505,-1.103248622,-1.096136892,-0.806681542,-1.08609734,-0.268405755,0.824712973,0.979821893,1.187188855,0.409606827,1.669148072,0.572718525,3.465616616,-0.01313967,0.623745622,0.957694262,0.595394695,0.603270134,-1.122664909,0.703133439,0.328664818,-1.05365099,0.517309655,0.623556245,1.938310454,2.126889989
Pld1,-2.583050058,-0.303931863,-0.674222505,-0.177198213,-0.237928862,-0.229655982,-0.316002551,-0.389215388,-0.601318293,-0.420892371,0.2793747,0.251799865,-1.126148889,0.160060922,-0.350787222,-0.159923755,0.178068366,-0.570772937,-0.304261921,-1.388364866,0.099175961,0.487161134,0.136455355,-0.223359164,2.174927068,1.53380894,0.883393467,1.612152677,2.260656386,0.038170979,0.829195392,0.837373969,0.379647996,0.604918924,-0.042067376,-0.209861083,-0.27204913,0.743843283,0.573674875,-0.323653893,2.578369237,2.773789217
Arhgap30,-2.292841607,-0.300282187,-0.181531691,-0.111233606,-0.017735181,-0.660755508,-0.578318017,-0.433447408,-0.142890761,0.217201149,0.792080339,0.291234436,-1.290023978,-0.696660797,-0.631794539,-0.523210631,-0.126029742,-0.162776767,-0.658730082,-1.114899547,-0.301650008,0.608476736,0.274807437,1.113097298,1.070155625,0.605938377,1.456617536,0.534706492,3.260496634,-1.028513789,0.176561096,0.393202826,0.612330307,0.830747574,-0.020904842,-0.183083641,-1.045635219,-0.455819165,1.448660503,-0.673986542,1.397577667,0.879173682
Tirap,-1.011774732,-0.298211578,-0.407573757,-1.011774732,-1.011774732,-0.693870959,-0.300834488,-0.277071329,-0.474755021,-0.270208554,-1.011774732,0.047968649,-0.076491296,0.124600153,0.279880135,0.444475328,1.434502304,-1.011774732,-0.314239347,-0.864424243,-0.653732336,-1.011774732,-0.285625324,0.810877618,0.394700802,1.725993003,0.957821336,1.723089911,3.043777387,-1.011774732,1.376507976,0.699851224,0.942698252,1.295086371,0.218449356,0.083261472,-0.448790913,-0.361390963,0.346681634,0.666533179,2.108154694,2.163802918
Hspa5,-1.431635811,-0.28736111,-0.575820371,-0.060813319,-0.541489692,-0.213346718,-0.33948993,-0.943581436,-0.680570189,-0.313535675,-0.532733588,-0.944265799,0.304013419,-0.620491502,-0.523429055,-0.900489966,-0.799719768,-1.162563728,0.113343156,-0.502898147,0.735528111,1.26328495,0.510100613,1.068011638,0.271468649,1.031416935,2.713577993,0.997320627,2.366169714,0.096946554,-0.38380013,0.020410328,-1.431635811,-0.278314386,-0.996169623,0.370415439,4.518155763,0.844552858,1.687557574,1.948243859,3.176728095,2.314486199
Cfp,-0.711509897,-0.286638249,-0.5146209,-0.470654538,-0.300426421,-0.15860981,-0.508011892,-0.532978361,-0.747285265,-0.565983247,-0.202857235,-0.086834222,-1.062325327,-0.157838893,-0.428358496,-0.0634658,-0.073399387,-0.914807141,-0.399955022,-1.537539462,-0.379405265,0.75639643,1.17529347,0.187050113,3.113900855,1.695212763,1.344822943,-0.19047438,2.021302636,-0.249883174,0.245262379,0.901770502,0.422790116,0.177068344,-0.108363686,-0.162167271,-0.768782608,2.023245989,1.193948056,2.629234956,3.513597244,1.866235888
Znrd1-as,-0.645815293,-0.278456807,-0.451377605,-0.455156278,-0.330239423,-0.645815293,-0.477922631,-0.38281377,-0.484570569,-0.417672396,-0.645815293,-0.492302701,-0.348992613,-0.645815293,-0.380374548,-0.645815293,-0.315726966,-0.561522418,-0.331620408,-0.546620585,-0.29540416,-0.185339818,-0.044503562,0.240714863,1.010562159,1.174861318,2.24380092,1.855602192,3.484152274,-0.158697015,-0.068778096,0.042386881,-0.411773789,-0.433999343,0.217988313,-0.219509682,0.01648043,0.338361588,1.165161541,0.482958346,2.995416789,2.151285299
Wdr64,-0.505011141,-0.254339583,0.573216166,0.367691593,0.124447872,-0.663086524,-0.09386656,-0.120695754,0.93362563,1.054652852,0.641254519,-0.280121919,0.597133834,-0.639060205,-0.320156485,-0.485123798,-0.689372468,2.227029736,-0.028454892,3.622227088,-0.097485778,-0.816390119,-0.623606954,-0.616080743,-0.779124658,-0.731069084,-0.627145418,-0.715750911,-1.055336294,-0.900433783,-0.833383557,-0.916293738,-0.987413932,-0.812212969,-0.163826843,-0.607114187,-0.336042868,0.129836322,0.085084293,-1.045494665,-1.082820324,-1.148519767
Vsnl1,-1.676955492,-0.251236011,0.167122315,0.641754188,0.136247412,-0.183883838,-0.130571443,-0.13023049,0.369234883,0.040722269,-0.271662816,0.339924626,1.838710741,-0.203035572,0.384222791,-0.296045606,-0.383974042,0.161641384,-0.178965712,4.054366294,0.414621295,-0.738060446,-0.454691373,-0.473770713,-0.491572649,-0.191062527,-0.599404784,-0.503711499,-1.389733186,-0.823174856,-0.609453548,-0.532984392,-0.925166424,-0.623549374,-0.011877862,-0.052694106,1.241716543,0.295007608,-0.084227562,-0.457353606,-1.551387743,-0.762945324
Cfb,-0.512662019,-0.250159316,-0.333682903,-0.142771846,-0.345614844,-0.548457842,-0.429138431,-0.262091257,-0.584253665,-0.691641135,-0.667777252,0.107798916,-0.381410667,-0.393342608,-0.357546785,-0.500730078,-0.548457842,-0.918348014,-0.906416073,-1.252442364,-0.0711802,-0.142771846,0.250982208,0.083935034,2.004977542,1.647019311,3.138511942,1.205537492,1.802134544,0.268128408,-0.286253437,-0.11248858,-0.831996557,-0.327323179,0.327370495,-0.079174601,-0.117571587,0.570209359,1.716558663,0.483798242,3.693693227,2.050533693
Ldlrap1,-2.332237827,-0.240623071,-0.531564276,-0.138613995,-0.266758467,-0.245531976,-0.365407385,-0.071591707,-0.214452983,-0.448192188,-0.234814654,-0.194309374,-0.463788679,-0.52327291,-0.680566019,-0.556748123,-0.394315656,-0.56745801,-0.340716658,-1.140038033,-0.177796026,0.519015717,0.265665672,0.353857457,2.446126404,1.143346154,2.582044342,1.343592801,1.47514947,0.273446572,0.32669865,1.121267233,-0.302971863,-0.512325135,0.041216464,0.31138465,-0.13211174,0.741613864,1.49393266,1.271260173,2.68029678,3.15713705
Abcb9,-1.824325001,-0.23274092,-0.030419515,1.566998441,1.925792697,1.552315061,0.029366734,0.358860026,0.089778041,0.082376038,2.501865886,1.770931837,-0.064962194,0.465152783,0.461314708,-0.021306828,-0.796497176,1.372440915,-0.028445648,2.742425488,-0.520015382,-0.595965412,0.301047644,-0.683254213,-0.220524874,-0.625672115,-0.645279198,-0.455447987,-0.781768836,-0.30238554,-0.991471408,-0.30510509,-0.904864687,-0.747958681,-0.436422099,-0.105963806,-0.08466797,-0.139475687,-0.87635985,-0.920575575,-0.847982217,-1.030808391
Vill,-0.440762125,-0.206141532,-0.491270474,-0.476095343,-0.408892292,-0.416451574,-0.535754539,-0.521880427,-0.516300956,-0.540773491,-0.359978076,-0.096315954,-0.636552688,-0.496639108,-0.443441299,-0.448059146,-0.376413088,-0.557910436,-0.303116329,-0.553349155,-0.469261134,0.139366538,-0.327303463,0.566836259,1.065095834,0.953205595,1.709910359,1.060627115,4.12762093,-0.490619965,-0.018846162,0.302245939,-0.612931215,-0.527984419,-0.248170115,-0.25161036,-0.403060845,0.652816672,1.296232472,-0.341853796,2.547448023,1.522059613
Gmnn,-0.262783382,-0.186381672,0.514796911,1.730954498,0.419099643,-0.327490039,0.053111011,0.258580558,1.0478687,0.514681752,-0.164207134,1.23990301,0.185902327,-0.20497348,0.478521773,-0.470095476,-0.537105316,1.586954356,-0.033706206,2.490250075,0.246258527,-1.131569737,-0.490030807,-0.548531664,-1.120642411,-1.039365629,-0.874470496,-0.933048126,-2.442481567,-1.343628947,-0.975644223,-0.580545913,-1.338715489,-0.830300558,0.745946952,-0.436341044,0.387917099,-1.052544956,1.317635449,-1.271884785,-2.127310117,-2.13900645
C1qc,-0.473133231,-0.173357443,-1.37567556,-0.24767509,-1.427018565,-0.39509117,-0.45841116,-0.329649302,-0.585981008,-0.532283658,-0.367202577,0.066120422,-0.274156517,-0.337478981,-0.103352797,-0.001025378,-0.175959093,-0.55982355,-0.172459726,-1.046858738,-0.117466497,-0.426637405,-0.102239924,-0.388347161,2.159446558,2.27755946,1.833424283,1.478665159,2.256068649,-0.459345973,-0.205840964,0.418324884,-0.662215269,0.117977822,0.299507163,-0.09825584,0.069105394,0.533979574,1.252974552,1.593538365,2.322494791,2.601059223
Ank2,-1.364119606,-0.157940715,-0.323601282,-0.29405736,-0.4841781,-0.412676563,-0.402461377,-0.325246585,-0.347069504,-0.252514648,-0.454257427,-0.115215292,-0.548030169,-0.353154741,-0.288544402,-0.212588625,0.012655761,-0.719747358,-0.282950371,-0.673473804,-0.060910751,0.259136479,-0.059670812,0.617073371,1.403137217,1.598613538,3.389413942,2.216498789,-1.364119606,-0.349897518,-0.014131682,0.727437444,-0.120809323,-0.218630941,0.243875696,-0.088785524,-0.277470797,0.629253383,2.613913419,0.709930465,2.769044045,2.740229779
Itih2,-1.099518062,-0.15465338,-0.437358105,-0.840142082,-0.596731197,-0.522709482,-0.208358752,-0.462050956,-1.198125269,-1.205918358,-0.424525401,-0.028745101,-1.10245468,0.22640594,-0.237327066,-0.330376802,0.338294237,-1.307803208,-0.202959164,-1.575464872,0.831816547,1.92615192,0.742082347,0.994271509,1.64469131,1.623964471,0.85275179,0.972635266,1.782156601,-0.185074214,1.088375901,1.052088146,0.595965085,1.214214711,0.484664111,0.802601936,0.042933636,0.849101543,0.458449271,-0.304345106,2.379843587,1.805820057
C1qa,-1.674630899,-0.12705319,-0.192046214,-0.306025301,-0.460316359,-0.333977943,-0.372860944,-0.464210509,-0.648154765,-0.911995942,-0.409817761,-0.14284288,-0.063823396,-0.409792692,-0.386014145,-0.120263497,-0.319153433,-0.550604644,-0.070232866,-0.981046068,-0.186100532,-0.339706354,-0.234455677,-0.321129755,2.12632244,1.936528603,2.018644187,1.344726484,2.600034052,-0.274103302,-0.159835913,0.365932792,-0.764958365,-0.705568403,0.446924421,-0.111489126,0.111668215,0.713849163,1.195115091,1.774069023,2.845006152,2.976705292
Elp1,-1.36698497,-0.111115044,0.952838489,0.912872212,-1.016274798,-0.312142537,0.294587337,-0.056286008,1.113685587,1.017125645,-1.002085404,-0.046628537,0.388954413,-0.529081231,-0.367333359,-0.444630044,-0.631287988,1.985877778,0.1466464,3.468572753,-0.122935847,-0.765628725,-0.278636724,-0.429590083,-0.47221438,-0.502825905,-0.289453387,-0.528195224,-1.007830418,-0.531554666,-0.674847022,-0.847162736,-0.897851168,-0.693350529,-0.042168971,-0.360075489,0.064077977,-0.139216217,0.549181307,-0.937582653,-0.813375616,-0.942679406
Flg2,-1.748881539,-0.10570461,-0.077748324,0.140647308,0.120322472,-1.748881539,-1.748881539,-0.727991482,-0.250291024,-0.236043082,-0.267635226,0.163233315,-0.678985758,0.067262059,-0.037124347,-0.307655368,-0.232766955,-0.136513053,-0.14641852,-0.592543536,0.017169432,-0.026075447,0.412051964,0.211450199,1.20612096,0.718736013,2.214679931,0.734448576,3.06401912,-0.392012432,-0.115597229,0.142869936,-0.365867652,-0.046824253,0.130561976,0.18734818,-0.177355439,0.258600735,0.929179007,-0.330446936,1.452241622,0.922100003
C1qb,-0.190858167,-0.090228901,-0.284303733,-0.495443655,-0.437176244,-0.33625963,-0.830521837,-0.361698379,-0.71575843,-0.847766097,-0.323967897,0.080807384,-0.54875854,-0.465572987,-0.346925312,-0.010126423,-0.122868252,-0.78988745,-0.054192082,-1.384812728,-0.677260561,-0.300084209,-0.097219908,-0.186510761,1.732030634,2.211394692,1.478048816,1.294085253,3.101835404,-0.564177295,0.110752425,0.603828053,-0.58498467,-0.341966023,0.151694443,0.059492924,-0.28111248,0.145731127,0.661730363,0.681716261,1.936554791,1.759244179
Sbno2,0.465063918,-0.089950329,-1.046720598,-0.1588498,-0.111192943,0.115024206,-0.148154348,-0.329142896,-1.094674036,-0.948904481,0.550831433,0.266317583,-1.345989352,0.025920156,-0.723910728,-0.568576436,-0.821263438,-0.883675199,-0.213587529,-1.594765192,-1.392330131,1.754542447,1.116819176,-0.066372141,1.881849836,1.246480677,1.204662758,1.086994251,1.823553135,0.82846831,0.176416471,1.304962741,0.296123972,-0.574804636,0.122068005,0.864076565,-0.577974346,-0.230455572,0.009404302,-0.216034322,2.477996159,2.514901956
Psd,-2.079501088,-0.088629128,0.343139729,0.293890291,-0.11380661,-0.536895297,-0.130086384,-0.075851377,0.492196843,0.634959586,0.111767226,-0.034597395,0.834253979,-1.627051747,0.17720015,-0.286300893,-0.645739764,1.392056462,0.200886954,3.446563973,0.73886841,-0.490131512,-0.339355482,-0.041391036,-0.151187682,0.040731778,0.043103311,-0.16108393,-1.948009369,-0.758121917,-0.808608831,-0.680296393,-1.165512123,-0.614503281,0.359615645,-0.520159047,0.112255798,1.598087436,1.186207364,-0.962426843,-0.223378584,-0.747173635
Egln1,-1.449223691,-0.056324384,-0.298866157,-0.170033627,-0.140968925,-0.243505618,-0.364219049,-0.357561387,-0.506500826,-0.482801426,-0.30938918,-0.069825525,-0.658314593,-0.255749554,-0.685922879,-0.295739049,-0.475166124,-0.643326903,-0.139551012,-0.936053082,-0.845052206,1.159166742,0.580032216,0.418202661,1.239972707,0.630471075,1.798298902,-0.244493302,3.802444193,-0.034911724,0.410066821,0.423777218,0.108024604,0.13139087,0.008235012,0.263236674,-0.407082872,0.042951277,0.665726381,0.012003279,1.889249557,1.311236638
Lyz2,-1.164972749,-0.05629432,0.046043812,-0.55907398,-0.617709156,-0.791247503,0.137821191,-0.843430836,-0.820303371,0.177346671,0.239247904,0.398328137,-0.850319157,-0.069171248,-0.798452729,-0.465303186,-0.889161491,-0.213041655,0.125220197,-0.201544397,0.195892792,-0.49415503,-0.266965882,-0.785145177,1.007038926,1.855661938,2.043330624,0.26647341,3.393886261,-1.164972749,-0.753667777,-0.628195491,-0.723569211,-0.652776209,0.527590755,-0.892219343,-0.50789906,1.922312584,2.366064907,1.139604393,3.229136836,0.662071038
Phtf2,-1.14544892,-0.054364188,-0.257908682,-1.14544892,-1.14544892,-0.548436608,-0.119795031,-0.131261925,-0.51678495,-0.272448275,-1.14544892,0.101125463,0.280342487,0.438640902,0.539159014,0.474209673,0.656895299,-1.068466474,-0.336089534,-0.849783183,-0.685367011,-1.14544892,-0.089094787,0.861676541,0.304194696,1.622512955,0.366183688,1.853491502,3.158613025,-1.14544892,0.358675816,0.287841443,-0.287546054,-0.237335149,0.796013863,0.348885264,-0.017101242,-0.04901416,0.220876925,1.616708175,2.549503408,1.922096696
Wdr53,-1.84487401,-0.053386077,-0.550857707,-0.566836611,-0.421347587,-0.151066024,-0.221849377,-0.414563303,-0.661139143,-0.673627724,-0.181791665,-0.041781122,-0.658797534,0.203754003,-0.225010795,-0.027441835,0.144555969,-0.786938034,-0.244475112,-1.086585434,-0.460379312,1.341108323,0.362399236,0.732098544,0.690749756,0.642248505,0.588666405,0.570291893,3.996875773,0.175571242,0.473382664,0.887052184,0.693592086,0.426123399,-0.089158204,0.133451735,-0.550342258,0.167672607,0.008315564,-0.233145063,1.768989494,1.382339294
Bicd1,-1.925770776,-0.040644132,-0.823043893,-0.504810086,-0.08873413,0.022005337,-0.238515475,-0.49762408,-0.631971136,-0.615680775,0.005896187,-0.050342115,-0.770454832,0.232617779,-0.181839764,0.086673136,0.120509848,-0.657484579,-0.623097982,-1.164085456,0.023173844,1.471047686,0.385817164,0.717173242,1.094026106,0.435750528,0.213902922,0.118222823,3.887282609,0.321874214,0.416260832,0.732463811,0.715848517,0.607633526,-0.216851231,0.299710074,-0.299640261,0.564261297,0.1491039,-0.269434044,1.572082921,1.33525718
Nek7,0.258400059,-0.011326128,0.871755744,1.81191513,1.328524054,-0.3600817,-0.026786385,0.334669252,1.000820579,1.102574585,2.642275458,0.431977309,-0.579862415,-0.744984424,-0.806971006,-0.645207277,-1.120264844,1.535657633,-0.061843221,-0.275394315,-1.170665496,-0.79504369,-0.173193067,-0.50545364,-0.474739544,-1.019355039,-0.186573255,-0.694858998,-1.665965362,-0.091260582,-0.883348701,-0.647295285,-1.42057016,-1.463732913,-0.395646644,-0.055814726,-0.739334364,-0.981225735,-0.256176172,-0.654665503,-1.310125382,-1.413154953
Ctnnd1,-1.536922418,0.008725939,0.073841457,-0.604305525,-0.830521269,0.121840132,0.096200987,0.363411912,0.09182877,-0.282121326,-1.145759764,-0.33555412,1.362990009,0.601924404,1.354754854,0.930572116,0.655127842,0.140533573,-0.14438113,3.275839608,1.433566735,-1.276070261,-0.521211724,-0.298100417,-0.99955325,-0.396649582,-0.848707237,-0.520995009,-0.770305307,-1.171451281,-0.254421587,-1.26260506,-1.362443677,-0.287788413,-0.163094436,-0.454718263,0.872926029,0.586212595,-0.223574067,-0.653718263,-0.791651697,-1.150137399
Pla2g4e,-1.397496855,0.015826984,-0.22777701,-0.319123142,0.595763316,0.609602599,-0.513422546,-0.181906485,-0.477708269,-1.397496855,-0.15871796,0.161190961,-0.563407081,0.044965027,-0.307181181,-0.10888109,-0.140045231,-1.397496855,-0.192663694,-0.933100503,-1.397496855,2.142620778,0.897119701,1.020411224,0.762281134,0.14321363,0.089659384,0.016994567,3.214272309,1.317389175,0.446733475,0.814573361,0.567003021,0.603721762,-0.298793476,0.563817926,0.237907976,-0.292208657,-1.397496855,0.123124349,0.980970986,0.944844621
Dcst1,-2.146769556,0.061260637,-0.235960562,-0.507518582,-0.407678867,-0.264134384,-0.22246482,-0.422133824,-0.506630265,-0.578246113,-0.267860727,-0.147748205,-0.856929435,-0.221445133,-0.414053478,-0.097007801,0.074835619,-0.784252194,-0.230928853,-1.131402635,-0.117731022,1.307698352,0.582281361,1.041182468,0.774916815,0.504501512,0.958919331,0.541389596,3.713910766,-0.062872248,0.548396038,0.946908287,0.869045028,0.65407654,0.253166253,0.32377284,-0.373758095,0.183602292,0.476663416,-0.258662686,1.60528447,1.395633371
Itga9,-3.22476519,0.065968806,1.335806103,0.55976234,1.295858303,0.5630064,0.460470316,0.623641454,0.506889252,0.836288757,0.628550006,0.496087041,0.204427338,0.587124545,0.282760354,0.634902249,0.096235379,0.743841531,-0.08986498,1.075347126,-1.307831281,-0.114135986,-0.028720388,-0.43660577,-0.958933446,-1.309088142,-1.202645598,-1.085723551,-1.238652969,-0.839022107,-0.230990095,-0.182040452,-0.143842067,-0.415442947,-0.411162826,0.132038935,-0.192061371,-0.746184235,-1.656394519,-2.017337839,-1.49654727,-1.781610151
Rgs6,-0.848326066,0.076110261,0.212023784,-0.848326066,0.196165806,-0.848326066,-0.848326066,-0.848326066,-0.848326066,-0.848326066,-0.082253781,-0.848326066,-0.076417464,-0.848326066,-0.848326066,-0.848326066,-0.848326066,-0.346180225,0.2060285,-0.303334389,-0.071814267,0.637143861,0.514288247,0.785919992,1.24505876,0.994939634,2.570620405,0.8086839,2.812929766,1.165696199,0.300894773,0.647819553,-0.032928952,-0.848326066,0.402957655,0.712725306,0.328795549,-0.848326066,-0.848326066,0.78188226,2.347000886,1.335989492
H2-Q10,-0.712729402,0.095105212,-0.668625253,-0.599473757,-0.69386901,-0.18569906,-0.117225184,-0.754471705,-0.901770332,-0.700109978,-0.114779864,0.430683675,-1.311518598,0.212495313,-0.225899535,-0.098625037,0.203705909,-1.014289434,0.027790162,-1.998899094,-0.104345515,1.480992902,0.757389259,0.681417383,2.016061375,2.4088839,1.191521983,1.446193737,-0.749910054,0.186858733,1.448324799,2.7977782,1.484410458,1.474530972,0.939924066,0.695563904,-0.026168922,0.516348447,0.742339246,0.0647253,2.235403652,3.372133836
Mis18bp1,-1.212159696,0.106990005,0.315611462,2.173660938,-1.212159696,-0.518617416,0.07365153,0.14118754,2.234761659,1.872955032,-1.212159696,-0.437025785,-0.494122669,0.401080373,0.288121507,-0.070643891,-0.098590223,1.908111341,-0.381370898,1.029391535,-0.187771505,-1.212159696,-0.740259018,0.118506793,-0.054571011,-0.481758325,-1.212159696,-0.548301045,-0.59019945,-1.212159696,-0.55355896,-0.274310406,-0.26958557,-0.280925944,0.213996805,-0.011610285,0.233463743,0.643914706,3.649589292,-1.051667138,-0.550993281,0.185866388
Plin4,-2.317545558,0.108512193,0.329465967,1.669732082,2.454390444,0.444027538,0.214750256,0.116055938,0.521133324,0.510524932,1.680177269,0.144372186,-0.385956766,-0.326023883,-0.3697359,-0.363452467,-0.920121061,1.468208894,0.055035014,0.595346736,-0.147440209,0.063594264,0.106290777,-0.442389788,-0.50193279,-0.965646478,-1.163787675,-1.080869941,-1.496715298,-0.459390416,-0.934818671,-0.753360758,-0.955990121,-0.746152492,-0.626894213,-0.411099563,0.129710844,0.076541943,-0.65608996,-1.398069942,-1.994589824,-1.779223136
Colec11,0.366790409,0.117173925,-0.864196877,-0.361601482,0.573346969,0.285395834,-0.670144227,0.107276547,-0.242274407,-1.452342404,-0.898647794,-0.092108324,-0.264645906,-0.100881169,-0.280683531,-0.036738118,0.376099455,-1.474970833,-1.000701004,-2.167381399,-0.489314146,1.395775119,1.693701828,1.380992354,2.40338626,1.226089828,0.74978318,0.082834716,-0.362014804,0.273502597,1.064112428,1.43040477,1.212461385,-0.297558969,-0.356541085,0.487085625,-0.041362852,-0.641632481,0.034800039,0.073127243,2.318897358,2.640431808
Nphs2,-2.385154817,0.125829317,0.312316725,1.838560996,1.243910423,0.77697622,0.82048969,0.708634383,0.422825776,0.618767925,0.730623232,0.568716602,0.950774778,0.691682389,0.264586533,-0.042042621,-1.243251168,0.706653685,0.408218124,-0.209164059,-1.170205173,-0.586502602,0.488668528,-0.719573047,-0.777082938,-0.687231954,-0.882640243,-0.590231886,-2.385154817,0.474896483,-0.822592582,-0.554246617,-1.039943297,-2.171080765,-0.159236529,-0.098012828,0.005648886,-0.157882536,-0.94018882,-0.192405492,-0.930347224,-1.276482028
Kif5a,-2.077751524,0.127041171,0.425767712,0.255809985,0.013139868,0.000480711,0.163828928,0.168478913,0.352728735,0.356919942,0.074934902,0.157390487,0.689176141,-0.001859833,0.26515661,-0.101033592,-0.533575503,1.113382292,-0.006229886,4.045936512,-0.20471737,-0.71965266,-0.395693341,-0.280376824,-1.164861503,-0.424596341,-0.564749064,-0.379332859,-1.355742607,-0.790701009,-0.683199266,-0.549352793,-0.869486372,-0.64033076,-0.027248129,-0.303121316,0.064966205,0.214823245,-0.790351093,-1.334148948,-1.269556147,-1.508930063
Zfyve28,-2.850211434,0.153392472,-0.228598505,-0.477475664,-0.805924593,-0.156680178,-0.130722583,0.018395346,-0.751108306,-0.715565875,-0.696123725,-0.161320329,-0.634832064,0.103833421,0.314050672,-0.07618679,-0.031660578,-1.544381711,-0.132974539,-0.517986823,0.635503312,0.352646467,0.538989784,0.810354443,1.058454236,1.304446328,0.943893007,0.801458817,2.876335391,0.045082223,0.434197714,0.297918336,-0.154412194,0.826534864,0.302245937,0.171504286,-0.070769274,0.552950306,1.326885743,-2.850211434,2.101574504,0.831631817
Fbxw11,-1.024016651,0.164683113,-0.754787387,-0.753542304,-0.840802393,-0.454319399,1.65278455,-0.625733947,-0.931098385,0.925777043,0.026371504,-0.648058929,-0.307787625,1.566058668,0.392451922,0.445757174,-0.303556967,1.58767854,2.573322413,-0.213067004,1.573382373,-0.855228048,-0.959152318,-1.012639482,-0.742331845,0.682553485,-0.905472231,-0.578189102,0.318963231,-0.94290229,-0.700539018,-0.742555698,-0.853812586,-0.345459885,2.386088242,-0.519186354,-0.558471192,3.696213679,-0.297260782,-0.862460534,-0.361323544,-0.261811322
Acss3,-2.119507668,0.164919494,0.711159091,0.172968752,0.004008327,0.112767865,0.124911638,0.318537818,0.954051007,0.658908799,0.072422911,-0.185334234,0.885159552,-0.044558545,0.289325342,0.231278598,-0.026305886,0.877406283,0.073927522,3.442644848,0.532003488,-0.753049483,-0.358635831,-0.325665938,-1.135927782,-1.186155482,-1.312041276,-1.054095028,-1.125124181,-0.790483877,-0.618210019,-0.849640581,-0.794208406,-0.540036019,-0.411880975,-0.300753525,0.463218918,0.118243662,-0.686928814,-1.458022261,-1.368152581,-1.566961036
Med13l,-2.981785803,0.180533462,-0.193924858,-0.581660894,-0.568009158,0.049626398,-0.146306746,-0.538525681,-0.657560275,-0.749526495,-0.550505013,0.087728368,-0.748826543,-0.053159691,-0.03309618,0.021970277,0.214339543,-0.863164513,-0.28108759,-0.870019768,0.324723585,0.546966377,0.572260827,1.135866496,0.718492032,1.254308002,0.782096836,0.932655988,2.995591017,0.405271503,0.232944375,0.190973968,-0.14220321,-0.105250016,0.331242222,0.113845663,0.14636939,0.389322213,0.807337855,-2.981785803,2.044938578,1.245753626
Pabir2,-3.235344817,0.181072735,1.04585822,0.768337481,0.899609345,0.327055561,0.243062226,0.368105406,0.849764222,1.118098435,0.785834136,0.201214233,0.01502666,0.384193564,0.535810376,0.402472718,-0.132317713,1.185909711,0.040676944,1.430878534,-0.408586455,-0.34825586,-0.24670327,-0.289912809,-1.094743298,-1.094649399,-1.293482139,-1.220631576,-1.41835317,-0.990530215,-0.456287533,-0.404627016,-0.34830281,-0.277455441,-0.561627414,-0.073301714,-0.284106674,-0.540453018,-0.923532737,-1.911009213,-1.653963316,-1.919493056
Hba,-0.336704388,0.195044471,-0.487276131,-0.42487703,-0.636491372,-0.639204376,1.364349359,-0.549675232,-0.807926797,1.635649797,0.383598275,-0.631065363,0.216748506,0.260156576,-0.233610221,-0.31364385,-0.662264913,3.263452426,2.246075783,0.631838176,0.475840424,-0.752790951,-0.819872698,-0.80425149,-0.720594508,-0.016569871,-0.733871137,-0.582231284,-0.519832183,-0.769779242,-0.704222883,-0.723562534,-0.820504963,-0.739701112,1.643612465,-0.533471813,-0.417927669,2.783426996,-0.001891161,-0.725427318,-0.600586115,-0.564648303
Ddias,-2.08644123,0.232674649,-0.290822424,-0.682296657,-0.433092881,-0.298250994,-0.098616736,-0.352513844,-0.593283336,-0.437207166,-0.374852889,-0.210205292,-0.717100462,-0.101230068,-0.413946217,-0.069291025,0.072926099,-0.876117583,-0.092331022,-1.143927071,-0.414357645,1.413878299,0.585619363,1.008026925,0.654106973,0.677436493,0.863607897,0.472491759,3.705116086,0.078640384,0.159524182,0.820247903,0.426678432,0.009550869,-0.055927217,-0.136483397,-0.322997658,0.346556538,0.443120334,-0.120590066,1.688552548,1.584971609
Cd2ap,-1.349052855,0.240092061,0.723172963,-1.349052855,-0.990586258,-0.501237302,0.742379761,0.878459655,0.53158107,0.456100529,-1.349052855,0.027579448,2.972422345,0.931414376,0.990748691,0.798014184,0.550787868,-0.856659648,0.41500723,-0.332618753,-1.192601785,-1.349052855,-0.453786172,-0.229563126,-0.690840503,0.319177277,-0.240382593,1.175158439,-0.867608339,-1.14944634,-0.198236457,-0.603569273,-1.349052855,-1.023056901,1.191739946,-0.110485057,0.199801313,-0.257729923,-0.144247943,2.221833727,-0.107729181,-0.298801457
Kirrel1,-0.296440129,0.261982131,-0.296440129,-0.825471744,-0.560955937,-0.178877548,-0.487479323,-0.531565291,-0.854862389,-0.737299808,-0.590346582,-0.13479158,-0.781385776,0.041552292,0.129724227,-0.017228999,-0.208268193,-1.075292229,-0.031924322,-1.457370618,0.791013746,-0.722604486,0.688146488,1.716819072,0.511802616,0.835099714,0.42363068,0.570583907,3.81825021,0.917393521,0.19248795,-0.008382415,-0.412018842,0.377487367,0.150562195,0.283922248,0.152002337,0.480839571,0.2350603,0.572303259,1.875866549,0.351961592
Rgs13,-1.843410745,0.28391572,0.970373318,0.703077969,0.155726171,0.45858667,0.052196436,0.335997159,0.52257774,0.172209712,-0.970952218,-0.931631878,3.055290143,0.262028634,0.578075966,-0.074235596,-0.698077572,0.658616074,-0.029697287,2.137822817,-0.312209892,-0.568468911,-0.221463088,-0.4985394,-0.834552556,-0.592484666,-0.796274718,-0.267114855,-1.707381144,1.322346035,-0.772504579,-1.031706619,-1.383269977,-1.342522883,0.205602527,-0.77713962,0.428064829,0.228701316,-0.563600262,1.051743061,-1.001607237,-1.261827764
Hbb-b1,-0.160494697,0.316041385,-0.53219284,-0.4616655,-0.635124634,-0.536005129,1.345359321,-0.577940304,-0.74377486,1.580450454,0.595609219,-0.649738407,-0.198617583,0.246149426,-0.297737088,-0.283758697,-0.609709376,3.143488801,2.508107359,0.290626127,0.538424889,-0.749493293,-0.814648483,-0.806154196,-0.71708884,0.017412107,-0.750128675,-0.619240098,-0.438156387,-0.779299037,-0.68899672,-0.705782227,-0.808214484,-0.657811564,1.486223386,-0.510504095,-0.546591219,2.104106423,-0.005379025,-0.734365497,-0.572533843,-0.547478212
Saa4,-1.353847769,0.348871759,-0.750976558,-0.729935817,0.014714261,-0.644857438,-0.74223019,-0.67727176,-0.642551236,-0.601673925,-0.894375066,-0.171433091,-0.758371306,-0.41668313,-0.175595469,-0.570668054,-0.393421431,-0.781616878,0.344455952,-0.322975882,0.677960679,0.71281099,0.629571122,0.809712978,0.210591746,0.560953333,1.932195565,3.623602949,0.763043666,0.071328737,0.695792856,0.867010944,0.660212978,-0.59612844,0.252038887,0.444091901,-0.52972777,1.357595498,2.06722708,0.734644272,1.747146405,2.856204941
Blvrb,-0.41489479,0.355498278,-0.566669622,-0.467575304,-0.60300174,-0.476554417,1.578760589,-0.55105745,-0.924762552,1.860265809,1.129054643,-0.597978509,-0.419953247,0.472660022,-0.240022257,-0.172877939,-0.612385952,2.079716872,2.839059538,-0.02187808,0.768731202,-0.820123306,-0.97967393,-0.976941447,-0.635973295,-0.493607333,-0.662652074,-0.550064076,0.104900368,-0.787239463,-0.657111021,-0.680276004,-0.986433803,-0.684229773,-0.704714056,-0.397390981,-0.561297654,2.448910225,0.040718559,-0.758433737,-0.471827085,-0.305433454
Mug2,-2.753937847,0.364462872,0.385570772,0.052418162,-1.325677396,-0.057279324,0.02783712,-0.248383677,0.832057068,0.594260965,0.137567217,0.909265183,0.545441303,1.075543907,1.096757794,0.585146004,0.961028047,0.422960045,0.321945415,0.656068221,0.685068144,-2.663716862,0.147171353,-0.036301871,0.044371234,0.418378106,-0.908003505,-0.580264432,-1.689754017,-2.736098044,0.100936165,0.450313078,0.13667855,0.543761802,0.378909839,0.29794323,0.508076489,0.373496303,0.66059309,-2.753937847,-1.131915193,-0.245228498
Gapdh,-0.676500568,0.443929642,-0.329341354,-0.610418496,-0.676500568,-0.611879829,0.984949311,-0.676500568,-0.676500568,0.807215583,0.393793394,-0.124578262,-0.330279396,0.252231184,-0.039192653,-0.255147825,-0.637836577,0.925212035,4.356582226,0.175242062,0.508449783,-0.592636298,-0.676500568,-0.676500568,-0.57751821,0.616884918,-0.446856873,-0.502139995,-0.347660962,-0.676500568,-0.676500568,-0.676500568,-0.628145099,-0.111257719,0.950233831,-0.48316517,0.36370635,2.16163113,-0.109241327,-0.331503791,-0.468938795,-0.215421809
Ceacam15,0.118184706,0.489090267,-0.365473069,0.004685179,0.540422011,-0.09469663,-0.002955827,-0.373937202,-0.934519486,-0.493041578,0.471826252,-0.018530265,-1.461185671,-0.658733884,-0.989928961,-0.458172383,-0.294781584,-0.556817709,-0.098362796,-1.742164558,-1.219419059,3.054107027,1.579907427,0.847009909,2.004159228,0.70156004,0.075625768,0.140609514,-0.264466666,0.46294514,1.330304859,2.269309157,1.621372472,0.802826377,-0.241597803,1.47891727,-0.4603006,-0.288846402,-0.10189358,-0.377895795,-0.266860234,2.001554463
Adipoq,-1.011385133,0.709038669,1.487134324,-0.23620562,0.847624463,0.515990093,-0.045758549,0.715599987,0.850018769,1.346537927,0.895080831,-0.036895013,0.123815087,-0.081373847,0.251902771,1.003323404,0.749519319,1.312388373,-0.222399992,1.378377589,-0.43374352,-1.345797512,-0.979138746,-1.150554156,-1.384413367,-1.061880428,-0.811322469,-1.286960518,-2.098522735,-0.293477107,0.104484138,-0.138537897,1.202825862,0.197816018,-0.192363733,0.367734987,-0.091027811,0.166252622,-0.661854862,-0.866322435,-1.244576701,-1.513797967
Ryr1,-2.131517407,0.72131948,0.554418613,1.080140264,0.255943711,1.035555668,0.553676452,1.750338545,0.157505762,-0.139218191,0.301693773,0.250514946,1.893053231,1.267219646,-0.297422039,0.410686892,-0.595778744,0.380615654,0.807959828,-0.237161367,-1.010049901,-0.926119812,-0.286743176,-0.462156897,-0.798061419,-0.124229301,-0.884852948,-2.131517407,-1.395813855,0.540485239,-1.045313513,-2.131517407,-2.131517407,-2.131517407,1.116863457,-0.278150608,0.236204995,-0.474553724,-0.931545829,1.415184429,-0.663543482,-1.076684906
Mroh2a,-2.734056532,0.723848814,0.878406144,0.475693908,0.706418512,0.58685145,0.840878201,0.986711118,1.307254572,0.375057526,-0.092337618,-0.718828269,1.465071979,0.916452734,0.272735536,0.109601979,0.285294245,0.757838831,0.688562176,0.681875312,-1.006422709,-1.149230791,-0.512406064,-0.730646051,-1.008397278,-1.250363594,-0.829467162,-0.311337056,-1.715059913,-2.36782568,-0.847805101,-1.029045056,-1.355364034,-1.339724922,-0.742167463,-0.415270561,-0.066071764,-2.448460743,-1.064302057,0.874794125,-0.469617542,-0.800552494
Gsn,0.304805883,0.750779705,0.839974469,0.193312428,0.616987558,0.906870542,0.616987558,0.616987558,0.795377087,0.728481014,0.66158494,0.304805883,0.148715046,0.773078396,0.728481014,1.241350908,1.06296138,0.304805883,0.66158494,-1.033115581,-0.698635215,-1.322998565,-1.122310345,-1.055414272,-1.21150511,-0.787829979,-0.966219508,-1.122310345,-2.937593269,-1.439063252,-1.063932372,-1.33109299,-1.347883904,-1.396651142,-0.565913406,-0.682000392,-0.554964749,-1.205952736,-0.657761714,-0.670694955,-1.13007029,-1.270975719
Lum,-1.366730555,0.831126026,0.838202705,0.136938951,0.503637285,-1.098025632,0.967656515,0.458996635,0.292513808,0.88772927,2.308221048,1.332439203,0.373001481,-0.14231221,0.413505153,0.901454665,0.724675245,0.283501104,1.081881963,-1.368360891,-0.649153247,-0.688668527,-0.705292864,-0.687639377,-0.397449676,-0.769945894,-1.306387727,-1.430665218,-1.724849243,-0.692265456,-0.397887829,-0.381115743,-1.000302246,-1.122495964,-0.566036656,-0.246312392,-0.85767328,-0.996134698,-0.419280901,-0.815427186,-0.86973777,-0.786656843
Nt5dc1,-2.674311318,0.898927644,1.589215329,1.810236056,1.350248836,0.454463088,1.039573349,0.723850616,0.859025826,0.630259639,0.581776444,-0.058588999,0.424560533,-0.387749894,-0.607236343,-0.408510267,-0.937338967,0.387145304,0.230225667,0.020008376,-1.401347054,-0.305523158,0.442294674,0.025415384,-0.844795532,-0.774620816,-0.72724865,-0.755130191,-1.584825578,1.097431514,-0.55679562,-0.421504017,-1.364185775,-1.589015745,-0.200472709,0.311341374,0.24436219,-0.785678201,-0.586793407,0.338757341,-0.976436611,-1.381401436
Ccdc150,-0.016863093,0.942621476,0.630309293,1.413860357,1.620594752,1.345656281,0.573836082,0.503893008,0.303908281,0.277764368,0.889066244,0.263115524,-0.494910592,0.808247066,-0.301203942,-0.240162178,-1.164144669,1.037293685,0.705911478,0.568589614,-2.093438471,-0.360624606,-0.021136901,-0.601667362,-1.128872492,-1.071111243,-1.51154334,-0.873673117,-2.005315503,-1.051767105,-0.785706364,-0.108234155,-0.770173284,-1.697341972,-0.682398116,0.502271909,-0.929745474,-0.804127949,-1.569522699,-2.154828034,-1.627204366,-1.99364064
Ncor2,-1.114245712,1.362076711,1.050750531,-1.114245712,-1.114245712,-1.114245712,0.75455234,0.428343846,1.051700164,1.602933958,-1.114245712,-1.114245712,0.389666368,-1.114245712,0.037111455,1.198016925,1.782844588,-1.114245712,0.717242617,0.190729999,-0.984991641,0.706215531,-1.114245712,0.467841033,-0.666495965,0.109548162,0.85242599,-1.114245712,0.091944511,-0.304962057,1.727827275,-1.114245712,2.586536746,-0.151575016,0.223343525,-1.114245712,-1.114245712,-0.24208074,-0.133080789,-0.125067962,-1.114245712,-1.114245712