Gene,log2FC_AMvsAV,FDR_AMvsAV,negLog10FDR_AMvsAV,,log2FC_AMvsY,FDR_AMvsY,negLog10FDR_AMvsY,,log2FC_AVvsY,FDR_AVvsY,negLog10FDR_AVvsY,,log2FC_AVvsAM,FDR_AVvsAM,negLog10FDR_AVvsAM
Saa2,-1.83894,0.00896111,2.05,,,,,,,,,,1.83894,0.00896111,2.05
Ppp1r21,-1.47758,0.0018077,2.74,,-1.07166,0.00397008,2.4,,0.405919,0.314541,0.5,,1.47758,0.0018077,2.74
Hp,-1.084,0.572691,0.24,,,,,,,,,,1.084,0.572691,0.24
Saa1,-0.804223,0.56035,0.25,,1.82074,5.09E-12,11.29,,,,,,0.804223,0.56035,0.25
Apcs,-0.684574,0.00651287,2.19,,0.949525,3.70E-18,17.43,,1.62921,2.77E-19,18.56,,0.684574,0.00651287,2.19
Rps6,-0.660021,0.179223,0.75,,,,,,,,,,0.660021,0.179223,0.75
Arhgap30,-0.642679,0.000187195,3.73,,0.328166,0.0573586,1.24,,0.922224,2.83E-13,12.55,,0.642679,0.000187195,3.73
Car1,-0.619726,0.26525,0.58,,-0.922686,0.036911,1.43,,-0.349182,0.403002,0.39,,0.619726,0.26525,0.58
Arhgap29,-0.609708,0.115488,0.94,,0.395081,0.154071,0.81,,1.00479,3.07E-10,9.51,,0.609708,0.115488,0.94
Csmd1,-0.576782,0.326128,0.49,,0.667339,1.08E-09,8.97,,1.24412,8.17E-19,18.09,,0.576782,0.326128,0.49
Frem2,-0.574395,0.05547,1.26,,1.24839,1.03E-14,13.99,,1.82279,1.34E-18,17.87,,0.574395,0.05547,1.26
Hpx,-0.563195,0.212526,0.67,,0.692198,6.65E-19,18.18,,1.26023,4.46E-20,19.35,,0.563195,0.212526,0.67
Zfp704,-0.561742,0.0471269,1.33,,0.750791,3.28E-09,8.48,,1.31253,1.20E-18,17.92,,0.561742,0.0471269,1.33
Cnot10,-0.53758,0.00830432,2.08,,-0.171345,0.363179,0.44,,0.366234,0.0791259,1.1,,0.53758,0.00830432,2.08
Thbs1,-0.521097,0.590881,0.23,,-0.349172,0.596605,0.22,,0.173908,0.599847,0.22,,0.521097,0.590881,0.23
Cd5l,-0.501576,0.253642,0.6,,1.61866,1.44E-11,10.84,,2.19732,4.93E-18,17.31,,0.501576,0.253642,0.6
Polr1has,-0.495836,0.198318,0.7,,1.73364,4.38E-16,15.36,,2.25649,1.60E-18,17.8,,0.495836,0.198318,0.7
Rnase4,-0.488192,0.124892,0.9,,0.915703,1.13E-11,10.95,,1.40389,1.52E-18,17.82,,0.488192,0.124892,0.9
Dhrs1,-0.474156,0.228393,0.64,,0.241971,0.36391,0.44,,0.761942,2.20E-05,4.66,,0.474156,0.228393,0.64
Orm2,-0.46995,0.34049,0.47,,,,,,,,,,0.46995,0.34049,0.47
Itih4,-0.434761,0.58562,0.23,,0.753196,5.96E-19,18.22,,1.23084,7.56E-20,19.12,,0.434761,0.58562,0.23
Vill,-0.433291,0.120206,0.92,,0.685247,1.75E-10,9.76,,1.12388,1.58E-18,17.8,,0.433291,0.120206,0.92
Pigz,-0.42425,0.239682,0.62,,0.772097,2.32E-07,6.63,,1.19635,5.78E-17,16.24,,0.42425,0.239682,0.62
Flg2,-0.424125,0.0185371,1.73,,0.392367,8.79E-05,4.06,,0.816492,2.49E-13,12.6,,0.424125,0.0185371,1.73
Lyz2,-0.400967,0.295567,0.53,,0.597424,0.0157152,1.8,,0.998391,1.31E-08,7.88,,0.400967,0.295567,0.53
Egln1,-0.400554,0.196098,0.71,,0.743007,1.09E-07,6.96,,1.25859,3.70E-10,9.43,,0.400554,0.196098,0.71
Ctsz,-0.396579,0.0957384,1.02,,0.238403,0.13307,0.88,,0.573668,9.63E-06,5.02,,0.396579,0.0957384,1.02
Serpina7,-0.394301,0.560702,0.25,,1.41717,3.42E-17,16.47,,1.95839,1.29E-18,17.89,,0.394301,0.560702,0.25
Esf1,-0.382737,0.0612548,1.21,,-0.745754,2.82E-12,11.55,,-0.363018,0.031662,1.5,,0.382737,0.0612548,1.21
Itih3,-0.381067,0.0309793,1.51,,0.986037,3.94E-19,18.4,,1.37611,5.39E-20,19.27,,0.381067,0.0309793,1.51
Cp,-0.378924,6.66E-15,14.18,,0.555458,1.82E-19,18.74,,0.930295,2.73E-20,19.56,,0.378924,6.66E-15,14.18
Cpb2,-0.360969,0.143604,0.84,,0.541371,6.05E-18,17.22,,0.907405,5.86E-19,18.23,,0.360969,0.143604,0.84
Serpina3n,-0.360203,0.242709,0.61,,0.313112,4.75E-17,16.32,,0.674062,3.68E-19,18.43,,0.360203,0.242709,0.61
Nfatc2,-0.359813,0.349749,0.46,,-0.0229655,0.537106,0.27,,0.336847,0.387134,0.41,,0.359813,0.349749,0.46
Dnah12,-0.357338,0.345921,0.46,,0.527363,0.231502,0.64,,0.884701,0.0220215,1.66,,0.357338,0.345921,0.46
Msx2,-0.344305,0.163263,0.79,,,,,,,,,,0.344305,0.163263,0.79
Ambp,-0.330161,0.00300751,2.52,,0.510164,1.83E-18,17.74,,0.838873,1.54E-19,18.81,,0.330161,0.00300751,2.52
Sdhaf3,-0.327792,0.159829,0.8,,-0.269662,0.0867029,1.06,,0.0581305,0.487709,0.31,,0.327792,0.159829,0.8
Wdr53,-0.325396,0.00467398,2.33,,0.590402,4.01E-17,16.4,,0.915798,1.19E-18,17.92,,0.325396,0.00467398,2.33
Cables1,-0.324783,0.193869,0.71,,1.2067,2.65E-15,14.58,,1.53149,1.13E-17,16.95,,0.324783,0.193869,0.71
Arsb,-0.324244,0.343603,0.46,,0.694157,1.78E-05,4.75,,1.0184,7.95E-17,16.1,,0.324244,0.343603,0.46
Ank2,-0.321054,0.308608,0.51,,0.765979,5.70E-12,11.24,,1.1338,1.69E-16,15.77,,0.321054,0.308608,0.51
Fam135a,-0.319663,0.166697,0.78,,-0.615169,8.36E-15,14.08,,-0.299163,0.126059,0.9,,0.319663,0.166697,0.78
Pla2g4e,-0.315624,0.0780582,1.11,,0.573374,9.99E-09,8,,0.888998,1.62E-12,11.79,,0.315624,0.0780582,1.11
Zswim8,-0.31456,0.0041321,2.38,,-0.0341737,0.546612,0.26,,0.341749,6.19E-11,10.21,,0.31456,0.0041321,2.38
C1qb,-0.307671,0.136583,0.86,,0.648734,1.17E-15,14.93,,0.956405,1.29E-18,17.89,,0.307671,0.136583,0.86
Orm1,-0.307451,0.579578,0.24,,0.99265,3.12E-18,17.51,,1.30508,6.76E-19,18.17,,0.307451,0.579578,0.24
Slc12a7,-0.302386,0.0737962,1.13,,0.041171,0.545117,0.26,,0.343557,4.96E-08,7.3,,0.302386,0.0737962,1.13
Cpsf6,-0.301222,0.0444667,1.35,,-0.256851,0.0385158,1.41,,0.0443707,0.506483,0.3,,0.301222,0.0444667,1.35
Krt14,-0.297227,0.0633018,1.2,,-0.173694,0.191631,0.72,,0.123533,0.301707,0.52,,0.297227,0.0633018,1.2
Mb,-0.288313,0.577959,0.24,,-0.562499,0.575012,0.24,,-0.336196,0.574682,0.24,,0.288313,0.577959,0.24
Lifr,-0.282942,0.58904,0.23,,-0.355441,4.22E-13,12.37,,-0.0817944,0.594515,0.23,,0.282942,0.58904,0.23
Nutm1,-0.276577,0.0727405,1.14,,-0.257699,0.0361202,1.44,,0.0188777,0.548466,0.26,,0.276577,0.0727405,1.14
Ddias,-0.272666,0.00862975,2.06,,0.53208,5.73E-18,17.24,,0.804747,1.09E-18,17.96,,0.272666,0.00862975,2.06
Tbr1,-0.26778,0.0845068,1.07,,-0.258966,0.0323452,1.49,,0.00881358,0.549204,0.26,,0.26778,0.0845068,1.07
Fam122a,-0.263724,0.328563,0.48,,-0.624496,0.0801916,1.1,,-0.348891,0.322033,0.49,,0.263724,0.328563,0.48
Kif4,-0.253983,0.131905,0.88,,0.273613,0.0109982,1.96,,0.527595,8.12E-14,13.09,,0.253983,0.131905,0.88
Kirrel,-0.251,4.36E-07,6.36,,0.376724,3.59E-18,17.45,,0.626847,5.95E-19,18.23,,0.251,4.36E-07,6.36
Bicd1,-0.249552,0.096886,1.01,,0.541649,3.17E-13,12.5,,0.791201,3.27E-16,15.49,,0.249552,0.096886,1.01
Neto1,-0.248633,0.0480207,1.32,,-0.0309326,0.527194,0.28,,0.2177,0.000312812,3.5,,0.248633,0.0480207,1.32
L1Md-A102,-0.24456,0.377488,0.42,,-0.549097,0.0117417,1.93,,-0.304537,0.277472,0.56,,0.24456,0.377488,0.42
Pdgfra,-0.244341,0.200532,0.7,,-0.130453,0.359502,0.44,,0.0945768,0.432427,0.36,,0.244341,0.200532,0.7
C1ra,-0.24401,0.286624,0.54,,0.262224,0.235613,0.63,,0.506234,9.93E-05,4,,0.24401,0.286624,0.54
Bex6,-0.2408,0.306894,0.51,,0.223398,0.32937,0.48,,0.464198,0.0498746,1.3,,0.2408,0.306894,0.51
Hfm1,-0.230002,0.291121,0.54,,0.041843,0.548835,0.26,,0.271845,0.00767572,2.11,,0.230002,0.291121,0.54
Plin4,-0.228188,0.307752,0.51,,-0.869816,1.96E-13,12.71,,-0.591294,5.54E-07,6.26,,0.228188,0.307752,0.51
Phldb1,-0.226969,0.014032,1.85,,0.0698108,0.347457,0.46,,0.29678,5.46E-09,8.26,,0.226969,0.014032,1.85
Itga4,-0.224287,0.192752,0.72,,-0.185136,0.113141,0.95,,0.039151,0.496583,0.3,,0.224287,0.192752,0.72
Trf,-0.224039,2.34E-14,13.63,,0.277261,3.00E-19,18.52,,0.503232,2.91E-20,19.54,,0.224039,2.34E-14,13.63
Washc2,-0.223149,0.141259,0.85,,0.153774,0.19051,0.72,,0.376922,5.43E-05,4.27,,0.223149,0.141259,0.85
Orc3,-0.220595,0.392515,0.41,,-0.558832,0.00488241,2.31,,-0.338238,0.217871,0.66,,0.220595,0.392515,0.41
Mdp1,-0.211545,0.330176,0.48,,0.0751273,0.486756,0.31,,0.284763,0.0716856,1.14,,0.211545,0.330176,0.48
Lmod3,-0.209014,0.390508,0.41,,-0.540649,0.000953843,3.02,,-0.331634,0.0991885,1,,0.209014,0.390508,0.41
Dcst1,-0.206894,0.162119,0.79,,0.559299,4.75E-13,12.32,,0.766193,9.39E-17,16.03,,0.206894,0.162119,0.79
Srrm3,-0.205265,0.456978,0.34,,1.46302,1.66E-05,4.78,,1.66828,1.11E-05,4.96,,0.205265,0.456978,0.34
Qsox1,-0.203274,0.586559,0.23,,0.199266,0.00288877,2.54,,0.403205,7.76E-19,18.11,,0.203274,0.586559,0.23
Ctsb,-0.201913,0.336559,0.47,,0.190076,0.304308,0.52,,0.391989,0.00325841,2.49,,0.201913,0.336559,0.47
Cfb,-0.200548,0.59838,0.22,,0.433925,5.62E-19,18.25,,0.635368,7.54E-20,19.12,,0.200548,0.59838,0.22
Spata7,-0.197684,0.378187,0.42,,0.620267,0.00510105,2.29,,0.817951,0.0012885,2.89,,0.197684,0.378187,0.42
Dlgap2,-0.197471,0.399763,0.4,,-0.099609,0.491951,0.31,,0.0978622,0.472033,0.33,,0.197471,0.399763,0.4
Saa4,-0.193691,0.578932,0.24,,0.782721,3.00E-18,17.52,,0.987242,5.93E-19,18.23,,0.193691,0.578932,0.24
Crp,-0.193542,0.259488,0.59,,0.322353,2.57E-08,7.59,,0.515895,2.86E-11,10.54,,0.193542,0.259488,0.59
Fetub,-0.191072,0.583731,0.23,,0.150512,0.00134724,2.87,,0.371583,7.21E-19,18.14,,0.191072,0.583731,0.23
Clul1-ps2,-0.187202,0.283901,0.55,,0.250957,0.0409908,1.39,,0.438159,1.55E-05,4.81,,0.187202,0.283901,0.55
C1qc,-0.186941,0.562804,0.25,,0.697133,4.96E-18,17.3,,0.883558,1.10E-18,17.96,,0.186941,0.562804,0.25
Jak3,-0.185142,0.167837,0.78,,-0.23341,0.083413,1.08,,-0.0482678,0.514725,0.29,,0.185142,0.167837,0.78
Apoc3,-0.184307,0.246717,0.61,,0.206649,0.0563977,1.25,,0.394262,4.03E-07,6.39,,0.184307,0.246717,0.61
Rgs6,-0.184222,0.366816,0.44,,0.889752,5.10E-05,4.29,,1.07397,3.05E-05,4.52,,0.184222,0.366816,0.44
Ctnna1,-0.183704,0.480478,0.32,,-0.00461573,0.55752,0.25,,0.179089,0.433591,0.36,,0.183704,0.480478,0.32
Sbno2,-0.182526,0.158683,0.8,,0.398993,1.08E-10,9.97,,0.581518,1.11E-16,15.95,,0.182526,0.158683,0.8
St7,-0.182252,0.352781,0.45,,0.353937,0.0508112,1.29,,0.53619,1.86E-06,5.73,,0.182252,0.352781,0.45
Hspa5,-0.180862,0.399111,0.4,,1.14426,8.17E-11,10.09,,1.2408,5.62E-14,13.25,,0.180862,0.399111,0.4
Serpina6,-0.178857,0.58687,0.23,,-0.0301251,0.573357,0.24,,0.148636,0.580865,0.24,,0.178857,0.58687,0.23
Serpina1e,-0.178118,0.415002,0.38,,-0.505576,0.0583301,1.23,,-0.327458,0.172403,0.76,,0.178118,0.415002,0.38
Arhgef1,-0.177665,0.211449,0.67,,-0.602989,1.96E-14,13.71,,-0.425324,4.78E-09,8.32,,0.177665,0.211449,0.67
Zfyve28,-0.177594,0.121382,0.92,,0.43921,7.58E-13,12.12,,0.616804,1.61E-18,17.79,,0.177594,0.121382,0.92
Stk31,-0.176743,0.327753,0.48,,0.253574,0.0877974,1.06,,0.430317,1.37E-07,6.86,,0.176743,0.327753,0.48
Ndst1,-0.174697,0.299087,0.52,,0.14732,0.199426,0.7,,0.322017,0.0209842,1.68,,0.174697,0.299087,0.52
Ric8b,-0.174016,0.317055,0.5,,-0.096186,0.376086,0.42,,0.0818145,0.375382,0.43,,0.174016,0.317055,0.5
Mcm3ap,-0.172309,0.342827,0.46,,-0.394266,0.000251673,3.6,,-0.221956,0.129569,0.89,,0.172309,0.342827,0.46
Mup20,-0.169898,0.437627,0.36,,-0.181705,0.471528,0.33,,-0.0322791,0.480967,0.32,,0.169898,0.437627,0.36
Atp7a,-0.169004,0.446087,0.35,,-0.636743,0.00153478,2.81,,-0.467739,0.0748512,1.13,,0.169004,0.446087,0.35
Colec11,-0.165627,0.241702,0.62,,0.478087,7.02E-09,8.15,,0.600236,4.17E-10,9.38,,0.165627,0.241702,0.62
Mst1,-0.165133,0.454296,0.34,,0.186138,0.0401552,1.4,,0.34982,1.70E-07,6.77,,0.165133,0.454296,0.34
Agt,-0.163496,0.326941,0.49,,0.427642,3.13E-08,7.5,,0.591138,6.80E-17,16.17,,0.163496,0.326941,0.49
Med13l,-0.163294,0.151756,0.82,,0.426256,1.72E-13,12.77,,0.58955,1.67E-18,17.78,,0.163294,0.151756,0.82
Pros1,-0.161555,0.28299,0.55,,0.158866,0.183748,0.74,,0.320422,0.000520409,3.28,,0.161555,0.28299,0.55
C3,-0.160523,0.607867,0.22,,0.356583,2.11E-19,18.68,,0.515371,2.75E-20,19.56,,0.160523,0.607867,0.22
C1qa,-0.159811,0.413139,0.38,,0.709631,1.64E-11,10.79,,0.945799,6.03E-16,15.22,,0.159811,0.413139,0.38
Itih2,-0.15456,0.582462,0.23,,0.448343,9.86E-19,18.01,,0.617919,1.50E-19,18.82,,0.15456,0.582462,0.23
Tmem200a,-0.153625,0.234589,0.63,,-0.22348,0.0911634,1.04,,-0.0698552,0.462265,0.34,,0.153625,0.234589,0.63
Itpr1,-0.152595,0.353534,0.45,,-0.0946077,0.438199,0.36,,0.0579869,0.476538,0.32,,0.152595,0.353534,0.45
Csn2,-0.151865,0.489131,0.31,,1.1182,0.00313158,2.5,,1.27006,0.000449017,3.35,,0.151865,0.489131,0.31
Apoa4,-0.149691,0.598674,0.22,,0.290674,8.03E-19,18.1,,0.439837,9.62E-20,19.02,,0.149691,0.598674,0.22
Mycl,-0.148812,0.201636,0.7,,-0.0549735,0.452674,0.34,,0.0938383,0.278397,0.56,,0.148812,0.201636,0.7
Ccdc47,-0.148577,0.562105,0.25,,0.3709,1.27E-14,13.9,,0.519694,1.47E-18,17.83,,0.148577,0.562105,0.25
Phtf2,-0.148041,0.444974,0.35,,0.708827,1.27E-05,4.9,,0.856867,1.45E-05,4.84,,0.148041,0.444974,0.35
Tirap,-0.14772,0.423544,0.37,,0.916621,8.27E-08,7.08,,1.06434,7.57E-07,6.12,,0.14772,0.423544,0.37
Ahsg,-0.147607,0.565576,0.25,,0.153499,8.90E-10,9.05,,0.301606,5.13E-19,18.29,,0.147607,0.565576,0.25
Cfh,-0.144885,0.607023,0.22,,0.494348,2.33E-19,18.63,,0.63695,3.97E-20,19.4,,0.144885,0.607023,0.22
C4b,-0.143966,0.605608,0.22,,0.497469,6.58E-19,18.18,,0.636684,8.60E-20,19.07,,0.143966,0.605608,0.22
Fndc3b,-0.142799,0.393845,0.4,,-0.00814377,0.556808,0.25,,0.134655,0.400413,0.4,,0.142799,0.393845,0.4
Zfp551,-0.142581,0.362447,0.44,,-0.321782,0.000546997,3.26,,-0.179202,0.22526,0.65,,0.142581,0.362447,0.44
Abcb9,-0.14188,0.248707,0.6,,-0.922973,4.80E-18,17.32,,-0.781093,3.54E-15,14.45,,0.14188,0.248707,0.6
Vtn,-0.141228,0.593613,0.23,,0.347438,1.67E-18,17.78,,0.484001,3.16E-19,18.5,,0.141228,0.593613,0.23
Fn1,-0.140477,0.606741,0.22,,0.40593,2.07E-19,18.68,,0.541028,3.38E-20,19.47,,0.140477,0.606741,0.22
Ldlrap1,-0.139539,0.388488,0.41,,0.474088,8.13E-07,6.09,,0.613627,4.68E-10,9.33,,0.139539,0.388488,0.41
Nlrx1,-0.134291,0.418082,0.38,,-0.355215,0.0269443,1.57,,-0.220924,0.187131,0.73,,0.134291,0.418082,0.38
Col5a2,-0.134225,0.215741,0.67,,0.15363,0.142431,0.85,,0.287855,0.00122966,2.91,,0.134225,0.215741,0.67
Pld1,-0.134018,0.312856,0.5,,0.487972,1.61E-14,13.79,,0.62199,1.64E-18,17.79,,0.134018,0.312856,0.5
Psd,-0.133983,0.418694,0.38,,-0.735379,9.48E-11,10.02,,-0.601904,2.09E-07,6.68,,0.133983,0.418694,0.38
Ykt6,-0.131209,0.360978,0.44,,-0.166348,0.17354,0.76,,-0.0351383,0.528405,0.28,,0.131209,0.360978,0.44
Nrxn1,-0.130183,0.447748,0.35,,0.271004,0.274684,0.56,,0.401186,0.176949,0.75,,0.130183,0.447748,0.35
Apom,-0.129234,0.568654,0.25,,-0.217489,0.264295,0.58,,-0.0866412,0.564886,0.25,,0.129234,0.568654,0.25
Clca3a1,-0.128424,0.429496,0.37,,-0.554286,0.000134617,3.87,,-0.434209,0.018057,1.74,,0.128424,0.429496,0.37
Specc1,-0.125586,0.316219,0.5,,0.0730437,0.428907,0.37,,0.19863,0.11785,0.93,,0.125586,0.316219,0.5
Tlr1,-0.125491,0.371128,0.43,,0.190545,0.208204,0.68,,0.245756,0.00624923,2.2,,0.125491,0.371128,0.43
Abcc12,-0.125216,0.513442,0.29,,1.08809,0.00254745,2.59,,1.21331,0.00111344,2.95,,0.125216,0.513442,0.29
Bfsp1,-0.124451,0.437054,0.36,,-0.0617669,0.525568,0.28,,0.0626845,0.502928,0.3,,0.124451,0.437054,0.36
Fgf16,-0.121299,0.561054,0.25,,-0.32468,6.61E-06,5.18,,-0.207383,0.194985,0.71,,0.121299,0.561054,0.25
Gna15,-0.119048,0.449948,0.35,,0.124719,0.451042,0.35,,0.1436,0.325313,0.49,,0.119048,0.449948,0.35
Ktn1,-0.11818,0.386455,0.41,,0.178851,0.232534,0.63,,0.297031,0.0195075,1.71,,0.11818,0.386455,0.41
Elp1,-0.11761,0.431843,0.36,,-0.760366,3.28E-06,5.48,,-0.714573,3.58E-06,5.45,,0.11761,0.431843,0.36
Serpina1d,-0.116055,0.578283,0.24,,-0.127563,0.324495,0.49,,0.00167063,0.575999,0.24,,0.116055,0.578283,0.24
Col17a1,-0.115026,0.421129,0.38,,-0.0202204,0.55538,0.26,,0.0948058,0.458044,0.34,,0.115026,0.421129,0.38
Fastkd1,-0.115008,0.430672,0.37,,-0.0822859,0.482426,0.32,,0.032722,0.536328,0.27,,0.115008,0.430672,0.37
Bag6,-0.110819,0.357277,0.45,,0.0456292,0.477034,0.32,,0.156448,0.243714,0.61,,0.110819,0.357277,0.45
Taldo1,-0.109389,0.348223,0.46,,0.445577,6.77E-14,13.17,,0.554966,1.25E-13,12.9,,0.109389,0.348223,0.46
Bcl2l15,-0.108909,0.422942,0.37,,0.459282,6.23E-09,8.21,,0.568191,1.29E-11,10.89,,0.108909,0.422942,0.37
Ceacam15,-0.108135,0.389163,0.41,,0.472876,7.15E-11,10.15,,0.581011,4.40E-11,10.36,,0.108135,0.389163,0.41
Ruvbl1,-0.108115,0.492884,0.31,,0.868842,7.10E-08,7.15,,0.976957,7.02E-07,6.15,,0.108115,0.492884,0.31
Slc5a8,-0.102236,0.434171,0.36,,-0.257486,0.383723,0.42,,0.00616956,0.475543,0.32,,0.102236,0.434171,0.36
Plxnb3,-0.101466,0.352025,0.45,,-0.379067,3.32E-12,11.48,,-0.277601,1.32E-09,8.88,,0.101466,0.352025,0.45
Gphn,-0.100247,0.356532,0.45,,0.278394,0.0010582,2.98,,0.384031,2.68E-05,4.57,,0.100247,0.356532,0.45
Ikbkb,-0.099127,0.455372,0.34,,0.195933,0.309462,0.51,,0.29506,0.164409,0.78,,0.099127,0.455372,0.34
Plce1,-0.0961487,0.444415,0.35,,-0.274275,0.0128768,1.89,,-0.178127,0.184876,0.73,,0.0961487,0.444415,0.35
Egr2,-0.0939228,0.459106,0.34,,-0.0264627,0.540574,0.27,,0.0255665,0.512583,0.29,,0.0939228,0.459106,0.34
Hira,-0.0933161,0.350509,0.46,,0.10765,0.266202,0.57,,0.200966,0.00381394,2.42,,0.0933161,0.350509,0.46
Cluh,-0.0918928,0.34515,0.46,,0.275667,0.000154202,3.81,,0.36756,1.63E-06,5.79,,0.0918928,0.34515,0.46
Pclo,-0.0886744,0.43877,0.36,,-0.226455,0.254622,0.59,,0.0279517,0.492418,0.31,,0.0886744,0.43877,0.36
Kng1,-0.0882258,0.604469,0.22,,0.363427,6.66E-19,18.18,,0.448105,1.11E-19,18.95,,0.0882258,0.604469,0.22
Serpina11,-0.0871425,0.539039,0.27,,-0.58878,6.16E-08,7.21,,-0.501638,1.03E-05,4.99,,0.0871425,0.539039,0.27
Cenpe,-0.0869627,0.405569,0.39,,-0.528215,1.76E-15,14.75,,-0.441252,9.61E-10,9.02,,0.0869627,0.405569,0.39
Mup17,-0.0856588,0.528002,0.28,,0.193561,0.415621,0.38,,0.260423,0.389836,0.41,,0.0856588,0.528002,0.28
Serpinf2,-0.0853286,0.597495,0.22,,0.24955,2.18E-18,17.66,,0.34154,4.31E-19,18.37,,0.0853286,0.597495,0.22
Baiap2l1,-0.083198,0.462789,0.33,,0.00650554,0.552131,0.26,,0.000680452,0.479989,0.32,,0.083198,0.462789,0.33
Kif5a,-0.0831293,0.451587,0.35,,-0.733081,1.48E-13,12.83,,-0.649951,5.23E-10,9.28,,0.0831293,0.451587,0.35
Cfd,-0.0824967,0.565231,0.25,,-0.118235,0.559645,0.25,,-0.0369519,0.5635,0.25,,0.0824967,0.565231,0.25
Tg,-0.0806638,0.387812,0.41,,0.244391,0.0132565,1.88,,0.325054,0.000405058,3.39,,0.0806638,0.387812,0.41
Pex5l,-0.0798692,0.420522,0.38,,-0.0179617,0.553941,0.26,,0.0619075,0.488658,0.31,,0.0798692,0.420522,0.38
Cops4,-0.0791135,0.372552,0.43,,-0.314341,5.80E-10,9.24,,-0.235227,4.25E-06,5.37,,0.0791135,0.372552,0.43
Fbxo34,-0.0787271,0.455909,0.34,,0.0691131,0.498413,0.3,,0.14784,0.338137,0.47,,0.0787271,0.455909,0.34
Cul9,-0.0771782,0.474045,0.32,,-0.449284,0.00166775,2.78,,-0.349997,0.137753,0.86,,0.0771782,0.474045,0.32
Mbp,-0.0741059,0.401063,0.4,,-0.192766,0.023597,1.63,,-0.118661,0.271876,0.57,,0.0741059,0.401063,0.4
Lcat,-0.073864,0.584047,0.23,,0.185106,2.36E-05,4.63,,0.256609,1.65E-18,17.78,,0.073864,0.584047,0.23
Wdr64,-0.0724441,0.49474,0.31,,-1.02592,2.45E-16,15.61,,-0.953472,9.56E-14,13.02,,0.0724441,0.49474,0.31
Cfp,-0.0707718,0.59601,0.22,,0.689804,7.61E-19,18.12,,0.75885,1.69E-19,18.77,,0.0707718,0.59601,0.22
Habp2,-0.069352,0.467964,0.33,,0.412652,0.00100321,3,,0.482004,0.000125857,3.9,,0.069352,0.467964,0.33
C2,-0.0673329,0.595115,0.23,,0.390201,2.34E-18,17.63,,0.458112,5.01E-19,18.3,,0.0673329,0.595115,0.23
Fcsk,-0.0670025,0.443295,0.35,,-0.0534037,0.491014,0.31,,-0.0773038,0.456444,0.34,,0.0670025,0.443295,0.35
Trpv6,-0.0669744,0.495664,0.3,,0.258784,0.279319,0.55,,0.277618,0.276545,0.56,,0.0669744,0.495664,0.3
Mup3,-0.0669282,0.505156,0.3,,-0.434525,8.26E-05,4.08,,-0.367596,0.000494684,3.31,,0.0669282,0.505156,0.3
Ccdc88b,-0.065309,0.535548,0.27,,0.251428,0.00140718,2.85,,0.316737,5.61E-06,5.25,,0.065309,0.535548,0.27
Wdr5b,-0.0646588,0.42713,0.37,,-0.390458,1.55E-08,7.81,,-0.3258,0.000224105,3.65,,0.0646588,0.42713,0.37
Noxred1,-0.0631854,0.4483,0.35,,0.32342,2.72E-06,5.57,,0.386606,2.30E-08,7.64,,0.0631854,0.4483,0.35
Mael,-0.0630734,0.435328,0.36,,0.210337,0.00277434,2.56,,0.273828,0.000175888,3.75,,0.0630734,0.435328,0.36
Unc45b,-0.0618908,0.478516,0.32,,-0.547493,9.31E-07,6.03,,-0.497245,0.000600741,3.22,,0.0618908,0.478516,0.32
Tcf20,-0.0609289,0.463311,0.33,,-0.41232,9.99E-12,11,,-0.351391,3.51E-08,7.45,,0.0609289,0.463311,0.33
Polq,-0.0599676,0.498868,0.3,,0.0619851,0.471022,0.33,,0.121953,0.165553,0.78,,0.0599676,0.498868,0.3
Tmem202,-0.0598026,0.468987,0.33,,-0.126161,0.28024,0.55,,-0.0663584,0.459635,0.34,,0.0598026,0.468987,0.33
Ripk3,-0.0595726,0.479499,0.32,,-0.576423,1.74E-17,16.76,,-0.51685,7.79E-12,11.11,,0.0595726,0.479499,0.32
Lrfn3,-0.0595598,0.487233,0.31,,-0.0144734,0.554302,0.26,,0.0110931,0.53081,0.28,,0.0595598,0.487233,0.31
Vps45,-0.0579648,0.465906,0.33,,-0.236079,0.00678482,2.17,,-0.178114,0.0934445,1.03,,0.0579648,0.465906,0.33
Lpin2,-0.0573809,0.46069,0.34,,-0.390362,5.26E-11,10.28,,-0.332981,3.33E-10,9.48,,0.0573809,0.46069,0.34
F10,-0.0568888,0.590269,0.23,,0.0906148,0.574351,0.24,,0.160009,9.34E-05,4.03,,0.0568888,0.590269,0.23
Stat3,-0.0566423,0.453215,0.34,,0.236273,0.000851873,3.07,,0.292915,4.50E-05,4.35,,0.0566423,0.453215,0.34
Thoc5,-0.0560185,0.43475,0.36,,0.244212,0.000211387,3.67,,0.300231,3.51E-05,4.46,,0.0560185,0.43475,0.36
Spg11,-0.0553522,0.454834,0.34,,0.167196,0.0345444,1.46,,0.222549,0.00352567,2.45,,0.0553522,0.454834,0.34
Nup54,-0.0547356,0.531607,0.27,,-0.111317,0.483878,0.32,,-0.0565813,0.535938,0.27,,0.0547356,0.531607,0.27
Apoe,-0.0514229,0.603611,0.22,,-0.065304,0.598085,0.22,,-0.0154267,0.576326,0.24,,0.0514229,0.603611,0.22
Lgals3bp,-0.0511651,0.488184,0.31,,-0.0451739,0.54399,0.26,,-0.00545554,0.514298,0.29,,0.0511651,0.488184,0.31
Amy1,-0.0510102,0.474545,0.32,,0.424229,3.64E-11,10.44,,0.475239,2.32E-10,9.64,,0.0510102,0.474545,0.32
Socs4,-0.0509516,0.476041,0.32,,-0.120879,0.410008,0.39,,-0.069943,0.472537,0.33,,0.0509516,0.476041,0.32
Nrap,-0.0497195,0.485321,0.31,,-0.00819162,0.551767,0.26,,0.0415278,0.51387,0.29,,0.0497195,0.485321,0.31
Ccdc89,-0.0493934,0.427723,0.37,,-0.43655,4.78E-18,17.32,,-0.387157,1.64E-18,17.79,,0.0493934,0.427723,0.37
Gc,-0.0492613,0.60504,0.22,,0.015116,0.600722,0.22,,0.0584227,0.60246,0.22,,0.0492613,0.60504,0.22
Car2,-0.0467151,0.5921,0.23,,-0.657688,0.0257713,1.59,,-0.614254,0.189385,0.72,,0.0467151,0.5921,0.23
Zfp14,-0.0465219,0.518534,0.29,,-0.161864,0.261417,0.58,,-0.115342,0.355785,0.45,,0.0465219,0.518534,0.29
Cfi,-0.0455383,0.60043,0.22,,0.361165,9.81E-19,18.01,,0.403083,2.17E-19,18.66,,0.0455383,0.60043,0.22
Ryr3,-0.0448005,0.407479,0.39,,0.186316,0.149437,0.83,,0.224156,0.180358,0.74,,0.0448005,0.407479,0.39
Nlrp10,-0.0420893,0.507364,0.29,,0.778824,5.10E-07,6.29,,0.820914,5.11E-06,5.29,,0.0420893,0.507364,0.29
Spem2,-0.0391715,0.510855,0.29,,-0.457422,1.26E-12,11.9,,-0.41825,1.14E-08,7.94,,0.0391715,0.510855,0.29
Serpina10,-0.0389777,0.567291,0.25,,0.313092,6.51E-07,6.19,,0.368133,0.0353267,1.45,,0.0389777,0.567291,0.25
Nupr1l,-0.0384546,0.509116,0.29,,0.257631,0.0330618,1.48,,0.291,0.027598,1.56,,0.0384546,0.509116,0.29
Acadvl,-0.0361314,0.516001,0.29,,-0.142038,0.43934,0.36,,-0.105907,0.509987,0.29,,0.0361314,0.516001,0.29
Plg,-0.035607,0.605892,0.22,,0.211144,5.41E-19,18.27,,0.244087,1.37E-19,18.86,,0.035607,0.605892,0.22
Mx1,-0.0349833,0.520208,0.28,,0.309886,0.101494,0.99,,0.358343,0.000164615,3.78,,0.0349833,0.520208,0.28
Nemf,-0.0339147,0.532004,0.27,,-0.597331,1.32E-06,5.88,,-0.563416,0.000198807,3.7,,0.0339147,0.532004,0.27
Gmnn,-0.0325677,0.52187,0.28,,-0.685366,2.36E-12,11.63,,-0.704492,1.40E-10,9.85,,0.0325677,0.52187,0.28
Serpinb6a,-0.0325368,0.516425,0.29,,-0.136569,0.430085,0.37,,-0.104032,0.44885,0.35,,0.0325368,0.516425,0.29
F9,-0.03238,0.579255,0.24,,0.343081,6.29E-18,17.2,,0.376324,2.81E-17,16.55,,0.03238,0.579255,0.24
Flnc,-0.0320913,0.497956,0.3,,-0.395818,6.38E-10,9.19,,-0.363726,1.74E-06,5.76,,0.0320913,0.497956,0.3
Pla2g7,-0.032056,0.584363,0.23,,1.17347,2.71E-18,17.57,,1.16702,8.14E-19,18.09,,0.032056,0.584363,0.23
Dhx33,-0.031701,0.518954,0.28,,0.213674,0.0017367,2.76,,0.245375,0.00448933,2.35,,0.031701,0.518954,0.28
Alb,-0.0316894,0.607305,0.22,,-0.397981,2.15E-19,18.67,,-0.359338,6.94E-20,19.16,,0.0316894,0.607305,0.22
Pltp,-0.0311185,0.510422,0.29,,0.436001,8.43E-16,15.07,,0.467237,1.87E-09,8.73,,0.0311185,0.510422,0.29
Ank1,-0.0303081,0.50248,0.3,,-0.136284,0.0769868,1.11,,-0.117655,0.197209,0.71,,0.0303081,0.50248,0.3
Serping1,-0.0295076,0.593009,0.23,,0.112341,0.25266,0.6,,0.147244,0.0246817,1.61,,0.0295076,0.593009,0.23
Nphs2,-0.0290131,0.515151,0.29,,-0.720856,4.50E-14,13.35,,-0.670923,1.10E-13,12.96,,0.0290131,0.515151,0.29
Fyb,-0.0283361,0.519372,0.28,,0.312233,3.90E-06,5.41,,0.340569,6.11E-05,4.21,,0.0283361,0.519372,0.28
Arhgef3,-0.0282469,0.516849,0.29,,-0.0284937,0.549939,0.26,,0.0379816,0.511721,0.29,,0.0282469,0.516849,0.29
Fpr3,-0.0270787,0.537494,0.27,,-0.147889,0.285718,0.54,,-0.12081,0.34205,0.47,,0.0270787,0.537494,0.27
Vwa5a,-0.0268477,0.524751,0.28,,-0.114763,0.355036,0.45,,-0.0843874,0.408114,0.39,,0.0268477,0.524751,0.28
Sh2d7,-0.0244963,0.522284,0.28,,-0.219995,0.00266079,2.57,,-0.225668,0.0161701,1.79,,0.0244963,0.522284,0.28
Ctnnd1,-0.0244315,0.523521,0.28,,-0.633252,0.000266438,3.57,,-0.644393,0.00212706,2.67,,0.0244315,0.523521,0.28
Plch2,-0.0237741,0.529611,0.28,,0.0337324,0.553219,0.26,,0.0575065,0.528808,0.28,,0.0237741,0.529611,0.28
Tango6,-0.0228916,0.523932,0.28,,0.21422,0.333382,0.48,,0.237111,0.310313,0.51,,0.0228916,0.523932,0.28
Pglyrp2,-0.0228121,0.512152,0.29,,0.0595013,0.393181,0.41,,0.0823134,0.29821,0.53,,0.0228121,0.512152,0.29
Mmp8,-0.0196043,0.5324,0.27,,-0.268211,0.000884834,3.05,,-0.248606,0.0204884,1.69,,0.0196043,0.5324,0.27
Pum3,-0.0191543,0.533979,0.27,,-0.0944069,0.391178,0.41,,-0.0752525,0.441607,0.35,,0.0191543,0.533979,0.27
Terf1,-0.0191307,0.501132,0.3,,0.200583,0.287527,0.54,,0.219714,0.275615,0.56,,0.0191307,0.501132,0.3
F2,-0.0187036,0.596902,0.22,,-0.0908108,0.57402,0.24,,-0.0711182,0.570345,0.24,,0.0187036,0.596902,0.22
Rrm2b,-0.0182258,0.501582,0.3,,0.174599,0.247713,0.61,,0.192825,0.216807,0.66,,0.0182258,0.501582,0.3
Phkb,-0.0174001,0.533585,0.27,,-0.13974,0.2136,0.67,,-0.12234,0.3137,0.5,,0.0174001,0.533585,0.27
Kctd8,-0.0149721,0.547355,0.26,,1.75393,6.01E-07,6.22,,1.7689,1.52E-06,5.82,,0.0149721,0.547355,0.26
Lama2,-0.0138331,0.540956,0.27,,0.267183,1.42E-06,5.85,,0.281016,3.00E-06,5.52,,0.0138331,0.540956,0.27
Itgb1,-0.0135332,0.543235,0.27,,0.313548,8.98E-06,5.05,,0.327081,5.76E-05,4.24,,0.0135332,0.543235,0.27
Itih1,-0.013233,0.601593,0.22,,0.390534,9.45E-19,18.02,,0.399103,2.59E-19,18.59,,0.013233,0.601593,0.22
Jrk,-0.0130217,0.518114,0.29,,0.0237941,0.543613,0.26,,0.015967,0.531209,0.27,,0.0130217,0.518114,0.29
Fgg,-0.012918,0.606176,0.22,,1.46702,9.08E-19,18.04,,1.4813,2.84E-19,18.55,,0.012918,0.606176,0.22
Acsf3,-0.0121921,0.49335,0.31,,0.114994,0.421734,0.37,,0.127186,0.411891,0.39,,0.0121921,0.49335,0.31
Cpn2,-0.010018,0.588731,0.23,,0.0603198,0.583415,0.23,,0.0520811,0.581505,0.24,,0.010018,0.588731,0.23
Fam122b,-0.00987296,0.545866,0.26,,-0.669166,3.56E-18,17.45,,-0.659293,7.49E-19,18.13,,0.00987296,0.545866,0.26
Zfp521,-0.00960102,0.519791,0.28,,-0.108618,0.34669,0.46,,-0.0990172,0.380275,0.42,,0.00960102,0.519791,0.28
Ccnt2,-0.00847918,0.539808,0.27,,-0.151195,0.0121211,1.92,,-0.142716,0.0418475,1.38,,0.00847918,0.539808,0.27
Cpn1,-0.00837796,0.590576,0.23,,0.325608,3.26E-18,17.49,,0.334945,1.05E-18,17.98,,0.00837796,0.590576,0.23
Impact,-0.00816832,0.536717,0.27,,0.103517,0.269992,0.57,,0.111686,0.318722,0.5,,0.00816832,0.536717,0.27
C9,-0.00642749,0.600139,0.22,,0.0159838,0.601012,0.22,,0.0142458,0.599554,0.22,,0.00642749,0.600139,0.22
Abcd2,-0.00610633,0.541337,0.27,,0.367696,2.83E-07,6.55,,0.373803,8.72E-07,6.06,,0.00610633,0.541337,0.27
Myo9b,-0.00596346,0.542098,0.27,,-0.474697,1.57E-10,9.8,,-0.468734,2.85E-08,7.54,,0.00596346,0.542098,0.27
Masp1,-0.00532381,0.52921,0.28,,0.0843595,0.299962,0.52,,0.0654037,0.446642,0.35,,0.00532381,0.52921,0.28
Cntrl,-0.00418575,0.545492,0.26,,-0.0569685,0.493814,0.31,,-0.0527828,0.503822,0.3,,0.00418575,0.545492,0.26
Fat3,-0.00352902,0.522697,0.28,,-0.462835,1.64E-09,8.78,,-0.459306,6.99E-10,9.16,,0.00352902,0.522697,0.28
Fa2h,-0.00315978,0.52516,0.28,,-0.412399,2.04E-08,7.69,,-0.40924,1.18E-05,4.93,,0.00315978,0.52516,0.28
Ap4e1,-0.00113467,0.546239,0.26,,0.1296,0.156382,0.81,,0.130735,0.229432,0.64,,0.00113467,0.546239,0.26
Wdr26,-0.000854344,0.483395,0.32,,0.134404,0.413762,0.38,,0.0664803,0.464871,0.33,,0.000854344,0.483395,0.32
Ntn5,-0.000135332,0.539424,0.27,,0.612621,8.10E-18,17.09,,0.612756,3.31E-18,17.48,,0.000135332,0.539424,0.27
Itga9,0.00211257,0.542857,0.27,,-0.674395,3.78E-18,17.42,,-0.676507,7.86E-19,18.1,,-0.00211257,0.542857,0.27
Tert,0.00240159,0.530011,0.28,,-0.172747,0.00243375,2.61,,-0.168656,0.0241362,1.62,,-0.00240159,0.530011,0.28
Ccdc150,0.00348387,0.534765,0.27,,-0.659483,4.35E-18,17.36,,-0.662967,1.31E-18,17.88,,-0.00348387,0.534765,0.27
Fcna,0.00456982,0.468476,0.33,,0.708145,4.23E-05,4.37,,0.698341,0.000818815,3.09,,-0.00456982,0.468476,0.33
Dip2b,0.0055654,0.542478,0.27,,-0.438511,3.51E-13,12.46,,-0.444076,2.12E-11,10.67,,-0.0055654,0.542478,0.27
Inhca,0.00595335,0.586246,0.23,,-0.0898273,0.575341,0.24,,-0.0939271,0.563847,0.25,,-0.00595335,0.586246,0.23
Lmna,0.00657451,0.526788,0.28,,0.642745,0.03378,1.47,,0.636171,0.147107,0.83,,-0.00657451,0.526788,0.28
Epsti1,0.00771967,0.506041,0.3,,-0.505653,7.73E-06,5.11,,-0.523454,0.000628688,3.2,,-0.00771967,0.506041,0.3
Egfr,0.0126346,0.602171,0.22,,0.159756,2.51E-06,5.6,,0.147302,0.588113,0.23,,-0.0126346,0.602171,0.22
C4bp,0.013039,0.595712,0.22,,0.585072,9.26E-19,18.03,,0.576212,2.48E-19,18.61,,-0.013039,0.595712,0.22
Ccdc116,0.0133167,0.572024,0.24,,0.333143,6.34E-12,11.2,,0.315714,4.21E-09,8.38,,-0.0133167,0.572024,0.24
Pf4,0.0137114,0.416238,0.38,,-0.55751,0.182619,0.74,,-0.520909,0.322856,0.49,,-0.0137114,0.416238,0.38
Naaladl1,0.0167246,0.540191,0.27,,-0.400574,0.000471888,3.33,,-0.417299,0.0199924,1.7,,-0.0167246,0.540191,0.27
Apob,0.0170202,0.603897,0.22,,0.371221,1.61E-18,17.79,,0.342392,4.81E-19,18.32,,-0.0170202,0.603897,0.22
Serpinc1,0.0183372,0.597199,0.22,,0.238374,1.87E-11,10.73,,0.220111,1.53E-07,6.81,,-0.0183372,0.597199,0.22
Rgs13,0.0197353,0.541718,0.27,,-0.816428,3.91E-08,7.41,,-0.836163,8.83E-12,11.05,,-0.0197353,0.541718,0.27
AI661453,0.0205467,0.533191,0.27,,-0.433155,1.99E-12,11.7,,-0.453701,3.18E-11,10.5,,-0.0205467,0.533191,0.27
Fads2b,0.0208155,0.538268,0.27,,0.140898,0.262378,0.58,,0.120082,0.303443,0.52,,-0.0208155,0.538268,0.27
Nt5c3,0.0213508,0.534372,0.27,,-0.32562,0.000297169,3.53,,-0.34697,0.00430587,2.37,,-0.0213508,0.534372,0.27
Lats2,0.0215038,0.538654,0.27,,0.031886,0.552857,0.26,,0.0103822,0.550672,0.26,,-0.0215038,0.538654,0.27
Gpx3,0.0218032,0.57567,0.24,,-0.443072,3.67E-18,17.44,,-0.492091,7.83E-19,18.11,,-0.0218032,0.57567,0.24
Apoh,0.02369,0.601303,0.22,,0.292259,2.43E-18,17.61,,0.26842,1.19E-18,17.92,,-0.02369,0.601303,0.22
Cic,0.0254664,0.571354,0.24,,0.0772212,0.56967,0.24,,0.0337208,0.571689,0.24,,-0.0254664,0.571354,0.24
Nfic,0.0271633,0.4494,0.35,,0.485472,0.188258,0.73,,0.458308,0.281159,0.55,,-0.0271633,0.4494,0.35
C8g,0.0276043,0.592403,0.23,,-0.297461,8.76E-09,8.06,,-0.33886,0.00034718,3.46,,-0.0276043,0.592403,0.23
Fga,0.0284796,0.604755,0.22,,1.43655,1.05E-18,17.98,,1.39593,3.46E-19,18.46,,-0.0284796,0.604755,0.22
Pon1,0.0287548,0.588422,0.23,,0.0220606,0.584678,0.23,,-0.0196182,0.578608,0.24,,-0.0287548,0.588422,0.23
Chmp5,0.0288929,0.537881,0.27,,-1.02204,5.28E-13,12.28,,-1.05093,2.23E-13,12.65,,-0.0288929,0.537881,0.27
Rpl19,0.029182,0.530411,0.28,,-0.00975528,0.557164,0.25,,-0.0389372,0.52104,0.28,,-0.029182,0.530411,0.28
Pip5k1a,0.0299521,0.524342,0.28,,-0.101202,0.174675,0.76,,-0.131154,0.206025,0.69,,-0.0299521,0.524342,0.28
Bod1l,0.0307375,0.507803,0.29,,-0.487318,2.13E-10,9.67,,-0.518056,8.92E-13,12.05,,-0.0307375,0.507803,0.29
C8b,0.031739,0.59779,0.22,,-0.0251727,0.0263431,1.58,,-0.0560963,0.577307,0.24,,-0.031739,0.59779,0.22
Mbl1,0.0345235,0.569332,0.24,,0.202706,0.18149,0.74,,0.15532,0.563152,0.25,,-0.0345235,0.569332,0.24
Exoc2,0.0348446,0.506924,0.3,,0.840262,3.74E-09,8.43,,0.805418,2.05E-05,4.69,,-0.0348446,0.506924,0.3
Spib,0.0359443,0.515577,0.29,,0.283541,0.000329273,3.48,,0.247597,0.0215026,1.67,,-0.0359443,0.515577,0.29
Srrm4,0.0388936,0.481454,0.32,,-0.391792,2.33E-06,5.63,,-0.430686,7.77E-05,4.11,,-0.0388936,0.481454,0.32
Epha10,0.0391589,0.484841,0.31,,0.413025,2.20E-17,16.66,,0.373866,2.47E-09,8.61,,-0.0391589,0.484841,0.31
F12,0.0399414,0.580222,0.24,,-0.0171877,0.581185,0.24,,-0.0721852,0.568314,0.25,,-0.0399414,0.580222,0.24
Noa1,0.0405606,0.513013,0.29,,0.0413693,0.517693,0.29,,0.000808748,0.550306,0.26,,-0.0405606,0.513013,0.29
Akap8l,0.0432339,0.497499,0.3,,-0.326488,8.31E-06,5.08,,-0.369722,6.11E-06,5.21,,-0.0432339,0.497499,0.3
Tarsl2,0.0451429,0.521456,0.28,,-0.294262,0.0823404,1.08,,-0.339405,0.0225462,1.65,,-0.0451429,0.521456,0.28
Fam91a1,0.0451545,0.505599,0.3,,-0.449392,0.000385105,3.41,,-0.494547,3.74E-05,4.43,,-0.0451545,0.505599,0.3
Slc22a1,0.0458389,0.489603,0.31,,0.0135537,0.555021,0.26,,-0.0322851,0.502032,0.3,,-0.0458389,0.489603,0.31
FAM186A,0.0472602,0.467451,0.33,,0.471733,3.85E-13,12.41,,0.424473,8.26E-10,9.08,,-0.0472602,0.467451,0.33
Col1a2,0.048693,0.500229,0.3,,0.136269,0.140091,0.85,,0.0875763,0.368979,0.43,,-0.048693,0.500229,0.3
Serpina3k,0.0504374,0.601882,0.22,,-0.178306,4.87E-15,14.31,,-0.22916,1.29E-18,17.89,,-0.0504374,0.601882,0.22
Sod3,0.0518112,0.473041,0.33,,-0.13,0.378885,0.42,,-0.222069,0.233563,0.63,,-0.0518112,0.473041,0.33
Akap9,0.0519064,0.494278,0.31,,0.436008,0.00798482,2.1,,0.384101,0.10498,0.98,,-0.0519064,0.494278,0.31
Arhgap42,0.0521967,0.504712,0.3,,0.131406,0.376788,0.42,,0.027135,0.525975,0.28,,-0.0521967,0.504712,0.3
F5,0.0545491,0.576654,0.24,,0.333413,5.27E-18,17.28,,0.278734,6.55E-15,14.18,,-0.0545491,0.576654,0.24
Apoa1,0.0549407,0.604184,0.22,,0.0152209,0.589656,0.23,,-0.0411043,0.596308,0.22,,-0.0549407,0.604184,0.22
C8a,0.0561247,0.602748,0.22,,0.0385886,0.5799,0.24,,-0.0142645,0.598968,0.22,,-0.0561247,0.602748,0.22
Ckap2,0.0625903,0.490545,0.31,,-0.480216,0.000281726,3.55,,-0.516754,6.89E-05,4.16,,-0.0625903,0.490545,0.31
Specc1l,0.0630204,0.508241,0.29,,-0.362535,3.98E-05,4.4,,-0.425556,1.15E-06,5.94,,-0.0630204,0.508241,0.29
Fgb,0.0631802,0.606458,0.22,,1.18387,7.77E-19,18.11,,1.12349,3.02E-19,18.52,,-0.0631802,0.606458,0.22
Pzp,0.0634476,0.607586,0.22,,0.103892,0.562455,0.25,,0.0354665,0.603036,0.22,,-0.0634476,0.607586,0.22
Serpind1,0.0652755,0.587493,0.23,,0.16166,0.0685288,1.16,,0.0965873,0.573024,0.24,,-0.0652755,0.587493,0.23
Clu,0.0662896,0.603324,0.22,,0.36874,1.08E-18,17.97,,0.29505,3.78E-19,18.42,,-0.0662896,0.603324,0.22
Cpne9,0.0668443,0.517271,0.29,,-0.448295,0.0152683,1.82,,-0.515139,0.000427004,3.37,,-0.0668443,0.517271,0.29
Tbc1d31,0.0675443,0.511288,0.29,,-0.212235,0.268101,0.57,,-0.279779,0.128399,0.89,,-0.0675443,0.511288,0.29
Hdac9,0.0680927,0.424744,0.37,,-0.261815,0.111969,0.95,,-0.293322,0.11903,0.92,,-0.0680927,0.424744,0.37
Nek7,0.068688,0.466422,0.33,,-0.66607,5.92E-13,12.23,,-0.734758,3.88E-12,11.41,,-0.068688,0.466422,0.33
Zcchc8,0.0697103,0.428316,0.37,,-0.0975962,0.186004,0.73,,-0.167307,0.106142,0.97,,-0.0697103,0.428316,0.37
Acss3,0.0700839,0.499776,0.3,,-0.903249,4.58E-18,17.34,,-0.973333,1.09E-18,17.96,,-0.0700839,0.499776,0.3
Prss16,0.0746299,0.470514,0.33,,-0.330653,0.0230701,1.64,,-0.405283,0.00117088,2.93,,-0.0746299,0.470514,0.33
Pou6f1,0.0768966,0.504267,0.3,,-0.0500744,0.544742,0.26,,-0.126971,0.383036,0.42,,-0.0768966,0.504267,0.3
Agmat,0.0790387,0.460163,0.34,,0.0195646,0.555738,0.26,,-0.0594741,0.477529,0.32,,-0.0790387,0.460163,0.34
Bnip1,0.0795801,0.491483,0.31,,-0.276836,0.122554,0.91,,-0.356416,0.0377055,1.42,,-0.0795801,0.491483,0.31
Mrpl46,0.0805965,0.486279,0.31,,0.296863,0.0113658,1.94,,0.216266,0.155227,0.81,,-0.0805965,0.486279,0.31
Wwp2,0.0838626,0.500681,0.3,,-0.0897311,0.496124,0.3,,-0.173594,0.361713,0.44,,-0.0838626,0.500681,0.3
Sco1,0.0839406,0.495202,0.31,,0.58547,0.000721065,3.14,,0.501529,0.0289389,1.54,,-0.0839406,0.495202,0.31
Hgfac,0.0845856,0.576981,0.24,,0.267033,1.91E-05,4.72,,0.163683,0.260454,0.58,,-0.0845856,0.576981,0.24
Polr2a,0.0859953,0.380967,0.42,,0.282284,0.000112223,3.95,,0.196289,0.102649,0.99,,-0.0859953,0.380967,0.42
Paxbp1,0.0884369,0.412516,0.38,,-0.0658761,0.442171,0.35,,-0.154313,0.171265,0.77,,-0.0884369,0.412516,0.38
Dipk1a,0.0893778,0.490074,0.31,,-0.387647,0.00188131,2.73,,-0.477024,1.07E-06,5.97,,-0.0893778,0.490074,0.31
Unc45a,0.0908826,0.481941,0.32,,-0.00344954,0.552494,0.26,,-0.0943321,0.463832,0.33,,-0.0908826,0.481941,0.32
Top1mt,0.0909549,0.367538,0.43,,0.296493,7.32E-05,4.14,,0.205538,0.0900252,1.05,,-0.0909549,0.367538,0.43
Rmnd5b,0.0942851,0.469497,0.33,,-0.12555,0.249699,0.6,,-0.219835,0.134234,0.87,,-0.0942851,0.469497,0.33
Rin2,0.0963138,0.479008,0.32,,-0.0443018,0.551403,0.26,,-0.140616,0.305172,0.52,,-0.0963138,0.479008,0.32
H2-Q10,0.0964408,0.585934,0.23,,0.700994,7.00E-19,18.15,,0.593041,2.91E-19,18.54,,-0.0964408,0.585934,0.23
Tnip1,0.0984703,0.509552,0.29,,0.643231,0.0282685,1.55,,0.544761,0.218932,0.66,,-0.0984703,0.509552,0.29
Selenop,0.100645,0.567633,0.25,,0.0369865,0.558229,0.25,,-0.0610878,0.572358,0.24,,-0.100645,0.567633,0.25
Mon2,0.104149,0.4858,0.31,,0.618901,0.103814,0.98,,0.514752,0.053611,1.27,,-0.104149,0.4858,0.31
Klf3,0.10627,0.445531,0.35,,-0.317261,0.0148523,1.83,,-0.423531,0.00338551,2.47,,-0.10627,0.445531,0.35
Unc5d,0.106339,0.397803,0.4,,-0.232067,0.130738,0.88,,-0.315709,0.069581,1.16,,-0.106339,0.397803,0.4
Sgk3,0.113055,0.416854,0.38,,0.290406,0.00962438,2.02,,0.177351,0.272814,0.56,,-0.113055,0.416854,0.38
Lrrk1,0.113679,0.315381,0.5,,0.306892,4.79E-05,4.32,,0.193213,0.135409,0.87,,-0.113679,0.315381,0.5
Hrg,0.115315,0.594815,0.23,,0.396843,2.11E-18,17.68,,0.289457,1.40E-18,17.85,,-0.115315,0.594815,0.23
Apoa2,0.117761,0.404929,0.39,,0.572903,2.60E-11,10.58,,0.455142,0.00147021,2.83,,-0.117761,0.404929,0.39
Gtpbp2,0.11841,0.204932,0.69,,0.411148,5.16E-18,17.29,,0.292738,2.85E-09,8.54,,-0.11841,0.204932,0.69
Azgp1,0.118481,0.593914,0.23,,0.022644,0.587182,0.23,,-0.0929393,0.587803,0.23,,-0.118481,0.593914,0.23
Zc3h3,0.119237,0.406207,0.39,,0.0187702,0.554662,0.26,,-0.100467,0.442734,0.35,,-0.119237,0.406207,0.39
Sorbs3,0.119742,0.404288,0.39,,-0.545437,2.35E-11,10.63,,-0.644928,4.47E-12,11.35,,-0.119742,0.404288,0.39
Vav3,0.120661,0.482911,0.32,,-0.286731,0.237652,0.62,,-0.407391,0.0706347,1.15,,-0.120661,0.482911,0.32
Blvrb,0.122835,0.520625,0.28,,-0.652167,0.0053197,2.27,,-0.791572,0.0144398,1.84,,-0.122835,0.520625,0.28
Map3k12,0.12655,0.385092,0.41,,0.38263,0.00995599,2,,0.256079,0.21037,0.68,,-0.12655,0.385092,0.41
Slc35e1,0.128928,0.458575,0.34,,1.30364,0.00577558,2.24,,1.17471,0.0622757,1.21,,-0.128928,0.458575,0.34
Proz,0.129491,0.288429,0.54,,0.451881,4.51E-18,17.35,,0.322391,9.51E-08,7.02,,-0.129491,0.288429,0.54
Nt5dc1,0.129866,0.39517,0.4,,-0.633177,7.00E-12,11.16,,-0.774677,2.92E-14,13.53,,-0.129866,0.39517,0.4
Otop3,0.132306,0.441042,0.36,,0.762261,0.000365087,3.44,,0.684637,0.0136395,1.87,,-0.132306,0.441042,0.36
Exoc6,0.134234,0.461741,0.34,,-0.0712442,0.548096,0.26,,-0.205478,0.450495,0.35,,-0.134234,0.461741,0.34
Serpina1b,0.135995,0.594215,0.23,,-0.149171,0.568993,0.24,,-0.292048,2.81E-10,9.55,,-0.135995,0.594215,0.23
Pdilt,0.138976,0.443856,0.35,,0.202258,0.33098,0.48,,0.0632824,0.503375,0.3,,-0.138976,0.443856,0.35
Dsel,0.139759,0.440476,0.36,,0.0055607,0.556452,0.25,,-0.134198,0.43648,0.36,,-0.139759,0.440476,0.36
Luzp1,0.141697,0.414383,0.38,,-0.159381,0.364638,0.44,,-0.319694,0.0435861,1.36,,-0.141697,0.414383,0.38
Amotl1,0.142709,0.396489,0.4,,-0.167398,0.270935,0.57,,-0.333013,0.00554527,2.26,,-0.142709,0.396489,0.4
Lum,0.143371,0.558938,0.25,,-0.617829,3.31E-18,17.48,,-0.768178,7.24E-19,18.14,,-0.143371,0.558938,0.25
Epas1,0.143691,0.31201,0.51,,-0.388607,1.80E-08,7.75,,-0.518298,3.55E-14,13.45,,-0.143691,0.31201,0.51
Gsn,0.145872,0.599261,0.22,,-0.614592,2.41E-19,18.62,,-0.761197,6.45E-20,19.19,,-0.145872,0.599261,0.22
Bdh2,0.146012,0.422339,0.37,,0.0291043,0.544366,0.26,,-0.116907,0.470006,0.33,,-0.146012,0.422339,0.37
Rbp4,0.148112,0.566949,0.25,,0.172794,5.42E-18,17.27,,0.026241,0.561405,0.25,,-0.148112,0.566949,0.25
Col4a3,0.149762,0.35802,0.45,,0.109414,0.323677,0.49,,-0.0403483,0.523109,0.28,,-0.149762,0.35802,0.45
Serpinf1,0.150441,0.426535,0.37,,0.765961,0.00160116,2.8,,0.627197,0.0526784,1.28,,-0.150441,0.426535,0.37
Ric1,0.151009,0.499322,0.3,,1.61603,0.00091854,3.04,,1.46502,0.0190232,1.72,,-0.151009,0.499322,0.3
Efemp1,0.155461,0.559292,0.25,,0.159917,0.0462333,1.34,,0.00409022,0.581825,0.24,,-0.155461,0.559292,0.25
Afm,0.159472,0.591492,0.23,,-0.0138766,0.419914,0.38,,-0.171457,0.000573699,3.24,,-0.159472,0.591492,0.23
Sltm,0.162258,0.230468,0.64,,0.388761,5.53E-08,7.26,,0.226503,0.0103016,1.99,,-0.162258,0.230468,0.64
Cyp2c38,0.163109,0.320381,0.49,,-0.265276,2.86E-05,4.54,,-0.428385,2.57E-07,6.59,,-0.163109,0.320381,0.49
Ces1c,0.163191,0.591187,0.23,,-0.33451,4.97E-18,17.3,,-0.488575,5.27E-19,18.28,,-0.163191,0.591187,0.23
Vsnl1,0.163584,0.371841,0.43,,-0.538081,3.10E-07,6.51,,-0.701665,7.60E-10,9.12,,-0.163584,0.371841,0.43
Cep170,0.168401,0.366092,0.44,,-0.25929,0.157534,0.8,,-0.427691,3.28E-05,4.48,,-0.168401,0.366092,0.44
Krt24,0.168731,0.311163,0.51,,-0.209686,0.00195547,2.71,,-0.378418,4.66E-06,5.33,,-0.168731,0.311163,0.51
Ptpn22,0.170943,0.466937,0.33,,0.912323,0.000785838,3.1,,0.74138,0.00232287,2.63,,-0.170943,0.466937,0.33
Kdm7a,0.172547,0.410637,0.39,,0.223507,0.267153,0.57,,0.0509599,0.532796,0.27,,-0.172547,0.410637,0.39
Unc79,0.175386,0.42594,0.37,,0.332626,0.302576,0.52,,0.15724,0.475045,0.32,,-0.175386,0.42594,0.37
Lpcat2b,0.175971,0.425343,0.37,,0.766789,1.00E-06,6,,0.590818,0.0664285,1.18,,-0.175971,0.425343,0.37
Nupl2,0.177829,0.334974,0.47,,-0.0261027,0.55358,0.26,,-0.203932,0.263338,0.58,,-0.177829,0.334974,0.47
Atxn7,0.18375,0.292905,0.53,,-0.0998708,0.282076,0.55,,-0.283621,0.0166381,1.78,,-0.18375,0.292905,0.53
Fbln1,0.18469,0.148273,0.83,,-0.350023,2.55E-10,9.59,,-0.511641,1.20E-09,8.92,,-0.18469,0.148273,0.83
Cdk14,0.185712,0.294682,0.53,,-0.111243,0.257549,0.59,,-0.296955,0.00221328,2.65,,-0.185712,0.294682,0.53
Actbl2,0.187589,0.43301,0.36,,0.28152,0.348987,0.46,,0.116043,0.424145,0.37,,-0.187589,0.43301,0.36
Klkb1,0.187685,0.592706,0.23,,-0.00644021,3.71E-07,6.43,,-0.193867,2.16E-09,8.67,,-0.187685,0.592706,0.23
G6pdx,0.187886,0.223159,0.65,,-0.0518649,0.465389,0.33,,-0.239751,0.0453485,1.34,,-0.187886,0.223159,0.65
Nes,0.191419,0.351268,0.45,,0.248356,0.2556,0.59,,0.0569364,0.526382,0.28,,-0.191419,0.351268,0.45
Masp2,0.192995,0.258519,0.59,,0.265706,0.000658333,3.18,,0.0727109,0.447196,0.35,,-0.192995,0.258519,0.59
Arel1,0.197546,0.300836,0.52,,0.202952,0.160974,0.79,,0.00540586,0.547726,0.26,,-0.197546,0.300836,0.52
Il1rap,0.202309,0.577633,0.24,,-0.135659,0.566607,0.25,,-0.351858,1.45E-09,8.84,,-0.202309,0.577633,0.24
Trpm7,0.203495,0.365366,0.44,,0.109044,0.435905,0.36,,-0.0944505,0.406844,0.39,,-0.203495,0.365366,0.44
Ncor2,0.203751,0.382348,0.42,,-0.403859,0.0545415,1.26,,-0.651288,0.000689762,3.16,,-0.203751,0.382348,0.42
Ces1d,0.204602,0.202738,0.69,,0.224565,0.0427098,1.37,,0.0199627,0.546984,0.26,,-0.204602,0.202738,0.69
Efhc1,0.205343,0.419304,0.38,,1.79557,4.72E-07,6.33,,1.59023,0.000144303,3.84,,-0.205343,0.419304,0.38
Mbl2,0.205399,0.561755,0.25,,0.181208,2.14E-06,5.67,,-0.0238027,0.58278,0.23,,-0.205399,0.561755,0.25
Apoc1,0.206466,0.39583,0.4,,0.164793,0.256576,0.59,,-0.0559172,0.527598,0.28,,-0.206466,0.39583,0.4
Mug1,0.210564,0.605324,0.22,,-0.16052,6.48E-05,4.19,,-0.374722,1.87E-19,18.73,,-0.210564,0.605324,0.22
Gpld1,0.215175,0.584993,0.23,,0.0748562,7.83E-09,8.11,,-0.141901,0.583098,0.23,,-0.215175,0.584993,0.23
Ccdc60,0.215337,0.384408,0.42,,-0.155393,0.417468,0.38,,-0.37073,0.251675,0.6,,-0.215337,0.384408,0.42
Grin2a,0.218022,0.27375,0.56,,0.134698,0.236634,0.63,,-0.0735196,0.453756,0.34,,-0.218022,0.27375,0.56
Mis18bp1,0.222089,0.368259,0.43,,-0.445831,0.0653817,1.18,,-0.706278,0.000236955,3.63,,-0.222089,0.368259,0.43
Ankrd11,0.222654,0.334179,0.48,,-0.0628605,0.508679,0.29,,-0.285514,0.00204118,2.69,,-0.222654,0.334179,0.48
Ttr,0.223584,0.580544,0.24,,-0.118724,0.221049,0.66,,-0.34073,1.12E-18,17.95,,-0.223584,0.580544,0.24
Ldha,0.237306,0.56592,0.25,,-0.252317,0.290225,0.54,,-0.560889,0.0922994,1.03,,-0.237306,0.56592,0.25
Tgfbrap1,0.241951,0.385774,0.41,,0.0275474,0.549572,0.26,,-0.214404,0.341271,0.47,,-0.241951,0.385774,0.41
B2m,0.243049,0.582144,0.23,,0.321473,4.41E-08,7.36,,0.0747188,0.589348,0.23,,-0.243049,0.582144,0.23
Dlg2,0.244949,0.37958,0.42,,-0.182902,0.373262,0.43,,-0.427851,0.0106488,1.97,,-0.244949,0.37958,0.42
Mug2,0.248142,0.370413,0.43,,-0.362512,0.0124991,1.9,,-0.610654,1.23E-10,9.91,,-0.248142,0.370413,0.43
Tpi1,0.258386,0.409378,0.39,,-0.0541151,0.570008,0.24,,-0.386991,0.369697,0.43,,-0.258386,0.409378,0.39
Adgrb1,0.260756,0.227351,0.64,,0.465556,1.88E-07,6.73,,0.2048,0.0812662,1.09,,-0.260756,0.227351,0.64
F13b,0.266611,0.591796,0.23,,0.447022,0.37397,0.43,,0.192204,0.593311,0.23,,-0.266611,0.591796,0.23
Lats1,0.286698,0.123723,0.91,,-0.401435,1.23E-07,6.91,,-0.682268,1.94E-10,9.71,,-0.286698,0.123723,0.91
A2m,0.303975,0.109622,0.96,,0.017683,0.556095,0.25,,-0.286292,0.00366934,2.44,,-0.303975,0.109622,0.96
Evi5,0.304622,0.338923,0.47,,0.428012,0.030296,1.52,,0.110144,0.497042,0.3,,-0.304622,0.338923,0.47
Pak1,0.306616,0.269048,0.57,,-0.230822,0.335768,0.47,,-0.537438,0.0856062,1.07,,-0.306616,0.269048,0.57
Med26,0.317539,0.332583,0.48,,1.00239,0.000118979,3.92,,0.684848,0.11667,0.93,,-0.317539,0.332583,0.48
Mroh2a,0.318833,0.108461,0.96,,-0.453384,1.23E-06,5.91,,-0.796091,1.66E-18,17.78,,-0.318833,0.108461,0.96
Tcrb,0.323934,0.317889,0.5,,0.542612,0.00929202,2.03,,0.218678,0.403646,0.39,,-0.323934,0.317889,0.5
Ecm1,0.324146,0.144774,0.84,,-0.11663,0.559998,0.25,,-0.436501,2.52E-05,4.6,,-0.324146,0.144774,0.84
Cd2ap,0.329866,0.297331,0.53,,-0.419268,0.0643403,1.19,,-0.763971,0.000752871,3.12,,-0.329866,0.297331,0.53
Gp1ba,0.334601,0.0592985,1.23,,0.786476,4.69E-18,17.33,,0.451875,7.17E-06,5.14,,-0.334601,0.0592985,1.23
Eif2ak1,0.345189,0.29645,0.53,,-0.137525,0.464352,0.33,,-0.482714,0.00600865,2.22,,-0.345189,0.29645,0.53
Hbb-b1,0.355029,0.589963,0.23,,-0.987746,6.66E-13,12.18,,-1.38766,1.19E-18,17.93,,-0.355029,0.589963,0.23
Fbxw11,0.413492,0.374677,0.43,,-0.564918,0.175813,0.75,,-0.97841,0.0252251,1.6,,-0.413492,0.374677,0.43
Krt76,0.43606,0.292014,0.53,,0.654085,0.0175771,1.76,,0.0253728,0.473543,0.32,,-0.43606,0.292014,0.53
Igfals,0.462758,0.0759155,1.12,,0.207496,0.238669,0.62,,-0.271321,0.214671,0.67,,-0.462758,0.0759155,1.12
Ryr1,0.46551,0.110797,0.96,,-0.646062,3.38E-07,6.47,,-1.09572,1.44E-17,16.84,,-0.46551,0.110797,0.96
Peak1,0.47636,0.048935,1.31,,0.715248,0.107303,0.97,,0.238889,0.48436,0.31,,-0.47636,0.048935,1.31
Mdh1,0.486511,0.209288,0.68,,-0.158613,0.56454,0.25,,-0.537341,0.344377,0.46,,-0.486511,0.209288,0.68
Arl6,0.487926,0.168981,0.77,,0.514738,0.114311,0.94,,0.10529,0.478023,0.32,,-0.487926,0.168981,0.77
Proc,0.495538,0.127225,0.9,,0.293821,0.293794,0.53,,-0.201844,0.397147,0.4,,-0.495538,0.127225,0.9
Krt5,0.50706,0.321208,0.49,,0.339189,0.360241,0.44,,-0.339811,0.339708,0.47,,-0.50706,0.321208,0.49
Cela2a,0.51174,0.240693,0.62,,0.269964,0.564194,0.25,,-0.330985,0.289328,0.54,,-0.51174,0.240693,0.62
Hba,0.522959,0.595414,0.23,,-0.942352,6.37E-18,17.2,,-1.46745,5.10E-19,18.29,,-0.522959,0.595414,0.23
Lrp1b,0.540772,0.100337,1,,0.233363,0.337349,0.47,,-0.215156,0.408746,0.39,,-0.540772,0.100337,1
Anxa1,0.557225,0.00708047,2.15,,0.274002,0.203836,0.69,,-0.283223,0.306034,0.51,,-0.557225,0.00708047,2.15
F13a1,0.569584,0.150598,0.82,,0.273734,0.573689,0.24,,-0.21498,0.567974,0.25,,-0.569584,0.150598,0.82
Prdx2,0.573287,0.402357,0.4,,-0.362604,0.566264,0.25,,-0.946808,0.354286,0.45,,-0.573287,0.402357,0.4
Adipoq,0.594606,1.04E-12,11.98,,-0.398128,6.53E-18,17.19,,-0.981845,4.52E-19,18.35,,-0.594606,1.04E-12,11.98
H2-Q8,0.614542,0.245718,0.61,,0.609849,0.0393259,1.41,,-0.0186867,0.461216,0.34,,-0.614542,0.245718,0.61
Mtus1,0.677635,0.000105448,3.98,,0.295187,0.331783,0.48,,-0.368949,0.557874,0.25,,-0.677635,0.000105448,3.98
Vcl,0.718382,0.138924,0.86,,1.19108,1.36E-05,4.87,,0.481274,0.145941,0.84,,-0.718382,0.138924,0.86
Krt2,0.723655,0.226307,0.65,,0.572249,0.0517453,1.29,,-0.433556,0.224211,0.65,,-0.723655,0.226307,0.65
Sod1,0.744237,0.152913,0.82,,0.00398955,0.571018,0.24,,-0.8633,0.0980389,1.01,,-0.744237,0.152913,0.82
Gapdh,0.832419,0.029617,1.53,,-0.0854485,0.570682,0.24,,-0.84492,0.0171043,1.77,,-0.832419,0.029617,1.53
Krt10,0.865597,0.0674792,1.17,,0.286295,0.358762,0.45,,-0.579302,0.0602697,1.22,,-0.865597,0.0674792,1.17
Asb18,,,,,-0.333879,0.431258,0.37,,,,,,,,
Bpgm,,,,,-0.707792,0.551038,0.26,,,,,,,,
Dlgap4,,,,,-0.385699,0.219991,0.66,,,,,,,,
Dnah2,,,,,-0.419602,0.170124,0.77,,,,,,,,
Eif4enif1,,,,,-0.736043,0.207116,0.68,,,,,,,,
Fabp3,,,,,0.128151,0.452131,0.34,,,,,,,,
Fermt3,,,,,,,,,,,,,,,
Gda,,,,,-0.210589,0.439908,0.36,,,,,,,,
Gpt,,,,,0.291561,0.0889032,1.05,,,,,,,,
Igfbp2,,,,,0.634225,0.00737758,2.13,,,,,,,,
Katnb1,,,,,0.143397,0.40171,0.4,,,,,,,,
Kdm5b,,,,,-0.342789,0.319553,0.5,,,,,,,,
Kif14,,,,,-0.351625,0.391847,0.41,,,,,,,,
Mgat4b,,,,,-0.315449,0.250688,0.6,,,,,,,,
Nfatc1,,,,,-0.118629,0.398457,0.4,,,,,,,,
Slc25a47,,,,,-0.566185,0.0945875,1.02,,,,,,,,
Srp19,,,,,-0.660596,0.178088,0.75,,,,,,,,
Tcn2,,,,,0.160948,0.457512,0.34,,,,,,,,
Tfrc,,,,,-0.241496,0.381659,0.42,,,,,,,,
Thap12,,,,,-0.471913,0.222104,0.65,,,,,,,,
Thsd7b,,,,,-0.0493691,0.411265,0.39,,,,,,,,
Tmem159,,,,,0.177856,0.284811,0.55,,,,,,,,
Tmem79,,,,,0.00965007,0.535157,0.27,,,,,,,,
Vwf,,,,,0.22106,0.394508,0.4,,,,,,,,
Xpo5,,,,,-0.372608,0.244717,0.61,,,,,,,,