"","Protein","ProteinName","Gene","nFragment","nPeptide","AgedMacro_Aging_Macro_10_1","AgedMacro_Aging_Macro_12_1","AgedMacro_Aging_Macro_14_1","AgedMacro_Aging_Macro_17_1","AgedMacro_Aging_Macro_25_1","AgedMacro_Aging_Macro_27_1","AgedMacro_Aging_Macro_31_1","AgedMacro_Aging_Macro_34_1","AgedMacro_Aging_Macro_38_1","AgedMacro_Aging_Macro_42_1","AgedMacro_Aging_Macro_45_1","AgedMacro_Aging_Macro_46_1","AgedMacro_Aging_Macro_53_1","AgedVehicle_Aging_Macro_11_1","AgedVehicle_Aging_Macro_16_1","AgedVehicle_Aging_Macro_18_1","AgedVehicle_Aging_Macro_23_1","AgedVehicle_Aging_Macro_26_1","AgedVehicle_Aging_Macro_29_1","AgedVehicle_Aging_Macro_33_1","AgedVehicle_Aging_Macro_37_1","AgedVehicle_Aging_Macro_54_1","Young_Aging_Macro_101_1","Young_Aging_Macro_102_1","Young_Aging_Macro_103_1","Young_Aging_Macro_104_1","Young_Aging_Macro_105_1","Young_Aging_Macro_106_1","Young_Aging_Macro_107_1","Young_Aging_Macro_108_1","Young_Aging_Macro_109_1","Young_Aging_Macro_110_1","Young_Aging_Macro_111_1","Young_Aging_Macro_112_1","Young_Aging_Macro_113_1","Young_Aging_Macro_114_1","Young_Aging_Macro_115_1","Young_Aging_Macro_116_1","Young_Aging_Macro_117_1","Young_Aging_Macro_118_1","Young_Aging_Macro_119_1","Young_Aging_Macro_120_1"
"1","Q9JJ59|ABCB9_MOUSE","ATP-binding cassette sub-family B member 9 (ATP-binding cassette transporter 9) (ABC transporter 9 protein) (mABCB9) (TAP-like protein) (TAPL)","Abcb9",6,1,138788,75949.2,138540,156700,72362,86446.4,89034.2,126565,82414.3,153644,83847,98155.5,158642,112016,193816,104056,146253,109307,107519,124830,95072.3,118942,145139,163769,163589,416449,309260,341979,307921,0,169041,199088,174550,291518,173875,394512,327857,160439,208781,208431,164420,93729.2
"2","Q80WJ6|MRP9_MOUSE","ATP-binding cassette sub-family C member 12 (Multidrug resistance-associated protein 9)","Abcc12",6,1,228958,231199,379202,247189,671478,150411,481105,19000.8,333037,12863.8,273269,164519,202389,178233,299182,249265,443040,154727,442558,199163,398594,9496.9,0,0,17464.8,0,227065,227630,240487,275140,1708.9,217570,165372,3481.94,9129.17,3278.31,45773.9,135744,3889.51,127118,106802,210618
"3","Q14DH7|ACSS3_MOUSE","Acyl-CoA synthetase short-chain family member 3, mitochondrial (EC 6.2.1.1) (Acetate--CoA ligase 3) (Propionate--CoA ligase) (EC 6.2.1.17)","Acss3",6,1,161644,182597,154449,221208,67204.1,174239,91384.4,207692,80453.9,272169,161191,192105,314127,166197,214168,218178,119629,113520,98209,129582,120943,322493,277846,266779,344283,676503,278825,258275,271503,0,272980,296530,373825,364503,337928,266596,235246,365446,252368,292977,285917,254588
"4","Q60994|ADIPO_MOUSE","Adiponectin (30 kDa adipocyte complement-related protein) (Adipocyte complement-related 30 kDa protein) (ACRP30) (Adipocyte, C1q and collagen domain-containing protein) (Adipocyte-specific protein AdipoQ)","Adipoq",16,2,33759.6,38945.4,35778.6,42375.8,17857.7,28959.3,21365.9,35077.2,26294.9,39750.3,53257.8,40161.6,36397.7,20046.9,24824.8,22591.1,19543.7,23746.6,27011.6,20813.6,10238.2,31931.8,46823.3,34685.8,56962.6,55545.4,34505.9,48629.2,44307.7,24404.6,36987.6,46908.8,48660.4,54685.5,55130.5,49247.6,37103.1,39197.3,36523.5,40866.4,50658.1,47350.8
"5","P11859|ANGT_MOUSE","Angiotensinogen (Serpin A8) [Cleaved into: Angiotensin-1 (Angiotensin 1-10) (Angiotensin I) (Ang I); Angiotensin-2 (Angiotensin 1-8) (Angiotensin II) (Ang II); Angiotensin-3 (Angiotensin 2-8) (Angiotensin III) (Ang III) (Des-Asp[1]-angiotensin II); Angiotensin-4 (Angiotensin 3-8) (Angiotensin IV) (Ang IV); Angiotensin 1-9; Angiotensin 1-7; Angiotensin 1-5; Angiotensin 1-4]","Agt",6,1,17558.7,17314,18966.4,18290.9,29888.6,51978.2,46869,12301.2,21522.4,33363.7,16293.9,24437.6,18281.1,19043.1,16721.6,19060.9,33321.5,38114.5,38564.9,25478.2,31785,29175.7,17798.2,16592.3,23231.8,14518.5,16682.9,22756.9,18163,19013.2,17114.5,19923.4,19805.1,17507.3,21554.7,17295.9,17323.2,10522.9,14233.2,18625.2,17075.7,19614.4
"6","Q07456|AMBP_MOUSE","Protein AMBP [Cleaved into: Alpha-1-microglobulin; Inter-alpha-trypsin inhibitor light chain (ITI-LC) (Bikunin) (HI-30); Trypstatin]","Ambp",54,10,420845,395031,422525,394473,816212,706348,972198,478488,486125,741157,365024,474074,449595,502650,470398,458477,761588,791140,682055,796049,804061,713324,352304,357242,347109,320177,382388,380312,375490,350333,349896,359004,390024,424463,363749,396034,454115,320514,393262,442246,348205,372761
"7","Q8C8R3|ANK2_MOUSE","Ankyrin-2 (ANK-2) (Ankyrin-B) (Brain ankyrin)","Ank2",6,1,21267,28307.6,43857.4,26742.2,86063.2,83414.5,86667.4,33717.7,43490.3,41798.6,26070.7,24019.5,22785.7,34037.7,27352.7,41543.2,58026,62124.9,99675.8,75081.2,0,27326.7,25292.1,22670.8,21818.4,14482,22437.9,18451.3,19950.6,0,20164.8,21783.9,21326.3,13511.7,23309,19078.7,26188,17112.4,21198.7,22553.5,24146.2,28869.3
"8","P12246|SAMP_MOUSE","Serum amyloid P-component (SAP)","Apcs",28,5,123268,140109,177941,141016,696992,749058,853518,361863,558300,592324,99804.8,150866,177139,136127,152876,282791,532733,724633,906128,1140000,651337,423205,143166,141977,107908,263617,130961,143199,99055.7,52638.8,134931,96611.7,119333,156014,148733,133795,211707,202647,163821,137456,162968,155650
"9","Q8CGF1|RHG29_MOUSE","Rho GTPase-activating protein 29 (Rho-type GTPase-activating protein 29)","Arhgap29",6,1,40235.1,53776.1,72646.7,61400.7,228815,539238,298563,140681,127600,284305,23090.2,46450.4,126804,2829.06,66050.1,119198,214896,249250,401930,311765,271646,169532,64464.9,71456.2,93482.3,281152,110995,59631.7,50393.3,72508.3,69542,90528.7,134999,134764,103783,68225,113028,184744,58532.7,105151,73081,65153.7
"10","Q640N3|RHG30_MOUSE","Rho GTPase-activating protein 30 (Rho-type GTPase-activating protein 30)","Arhgap30",6,1,9613.11,18775.7,20422.9,16041.2,24117.9,28447.9,28059.5,17274.3,12308.7,13967.5,22089,23749.7,9482.93,22059.7,19522.7,25896.5,25570,22040.4,28508.4,21498.8,42223.9,15139.7,15150.1,12424.7,16053,8956.29,16587.5,17298.4,12409.3,0,13036.1,14137.6,16346.8,16195.6,19084.7,23455.7,19647.6,7624.76,12136.3,12629.5,13455.1,16475
"11","P50429|ARSB_MOUSE","Arylsulfatase B (ASB) (EC 3.1.6.12) (N-acetylgalactosamine-4-sulfatase) (G4S)","Arsb",6,1,118620,44935.4,48061.7,47555.1,139605,183752,234119,81977.8,213677,133807,11542.9,11865.1,80532.9,48466.5,53387.7,75989,120571,124873,218275,161856,201414,63243.2,42250.3,49626.3,51246,71589.5,67224,47209.8,43100.1,0,49775.4,49287.9,51807.3,54362.5,46840.3,46071.5,56461.6,97105.8,51089.9,42665,37612.2,38849.8
"12","Q8BR07|BICD1_MOUSE","Protein bicaudal D homolog 1 (Bic-D 1)","Bicd1",5,1,359698,374803,425406,356151,521873,332049,559773,273484,265069,398488,422747,405429,260235,543604,369931,422959,483268,377922,342419,327107,930282,311896,301683,208471,176473,121895,227401,293987,311709,0,270017,228551,207051,202968,209658,309131,300131,184889,345414,279087,322058,327473
"13","Q923D2|BLVRB_MOUSE","Flavin reductase (NADPH) (FR) (EC 1.5.1.30) (Biliverdin reductase B) (BVR-B) (EC 1.3.1.24) (Biliverdin-IX beta-reductase) (NADPH-dependent diaphorase) (NADPH-flavin reductase) (FLR)","Blvrb",10,1,6269.24,9963.34,9305.73,17336.3,19946.8,29773.4,15223.2,8611.98,7086.98,98137.4,614.49,9193.49,12683.3,5335.73,806.39,883.96,10563.4,14604.9,9806.04,13002.2,31595.4,50440.3,38709.4,109213,12530.8,27996.4,15343.9,11499.4,15089,16839.4,73435.5,12974,2365.22,87656.7,81426.9,60669.2,11642,16695.8,42035.4,21803.7,23709.8,11233
"14","P98086|C1QA_MOUSE","Complement C1q subcomponent subunit A","C1qa",6,1,33519.3,36254.1,48837.5,37411.2,111322,68682.6,108170,50775.9,82538.9,57164.3,21771.5,23192.9,42752.1,31949.2,34468.2,32393.8,90969.5,86427.1,88392.4,72263.3,102307,35625.5,37038.7,38398.6,35483.2,16599.8,32755.3,29062.6,32086.3,0,31155.7,28969.4,24567,26901.7,18252.4,30271.2,36660.8,38552,30271.8,30840.9,37201.2,32441.1
"15","P14106|C1QB_MOUSE","Complement C1q subcomponent subunit B","C1qb",6,1,40658.2,60623.2,75208.8,59106.9,109387,76921.6,114632,61834.3,77512.8,61657.9,40042.7,47231.4,49031.5,48470.3,54471.2,51829.9,108582,122762,101069,95627.2,149102,37313.1,54678,55744,48937.1,16383.1,42691.4,44415,47400.2,51701.3,32779.5,46647.7,36174.3,33981.5,32269.4,47763.8,59737.4,41114.3,43575,47084.7,57047.5,53712.5
"16","Q02105|C1QC_MOUSE","Complement C1q subcomponent subunit C","C1qc",10,2,51701.8,61952.5,87191.2,66302.8,175452,120941,164188,82386.7,134712,91867.8,43498.6,75046.4,73070.2,53024.4,66141.7,54572.7,157595,162371,144412,130067,161502,65526,63266,63302.3,14649.2,27945.2,60260.9,12573.1,54300,51144.3,51739.6,56946.2,46581.2,47638.9,48752.5,55427.7,72949.5,59190.1,56629.6,66096.7,70234.4,63160.8
"17","P01029|CO4B_MOUSE","Complement C4-B [Cleaved into: Complement C4 beta chain; Complement C4 alpha chain; C4a anaphylatoxin; Complement C4 gamma chain]","C4b",215,34,1910000,1900000,2240000,1840000,4730000,4390000,4720000,2520000,3310000,3780000,1190000,1480000,2840000,1700000,2240000,2110000,4120000,4820000,4360000,4390000,2460000,2270000,1960000,2040000,1970000,1600000,2080000,1750000,1820000,1850000,1820000,1880000,1990000,1690000,1750000,1710000,2720000,2090000,1900000,2090000,2030000,1810000
"18","Q9ESJ1|CABL1_MOUSE","CDK5 and ABL1 enzyme substrate 1 (Interactor with CDK3 1) (Ik3-1)","Cables1",6,1,9962.12,12814.1,11148.4,12760.4,31783.4,9535.5,20588.6,15701.1,10497.6,10940.9,13168.8,18714.5,4698.9,12290.6,11880.5,18813.2,15569.5,17608.7,17577.8,17901.1,32289.8,5986.83,6192.45,5474.66,5140.66,2302.59,5341.59,9170.46,12169,0,9859.48,3731.58,5770.28,3265.15,1680.3,12222.6,6057.1,3890.73,1688.95,2446.77,1173.38,7606.59
"19","Q8CDI7|CC150_MOUSE","Coiled-coil domain-containing protein 150","Ccdc150",6,1,93159.2,102186,125171,145884,61203.7,75593,73636,105691,55735,101561,102713,71256.4,97299.1,116608,128126,108430,90543.2,92502.9,77560.1,99201.5,60807.6,57817.8,160824,152793,150228,148134,176812,183826,174498,128271,148312,145939,139154,164036,138267,159007,137770,112052,156265,118624,120695,89346.5
"20","Q9JLQ0|CD2AP_MOUSE","CD2-associated protein (Mesenchyme-to-epithelium transition protein with SH3 domains 1) (METS-1)","Cd2ap",6,1,1467.42,8460.3,5480.47,9105.41,7720.99,8857.2,9125.67,18678.8,26251.6,8022.93,0,2396.58,11386.5,0,6581.61,8230,4838.89,12264.1,8150.46,18556.9,3539.37,1150.16,11682.7,12968.6,15234.1,7472.38,0,2635.29,6232.77,0,15375.3,16375.7,13825.6,3619.86,13270.7,0,10120.4,31769.6,16765,17201.2,15784.3,13966.8
"21","Q9QWK4|CD5L_MOUSE","CD5 antigen-like (Apoptosis inhibitor expressed by macrophages) (mAIM) (Apoptosis inhibitory 6) (SP-alpha)","Cd5l",5,1,6474.5,6829.84,19991.4,7106.11,42214.7,24075.7,81275.8,9872.25,22105.1,19708.9,9257.26,8936.59,6435.7,10231.9,11834.1,10745.4,38003.2,21144,37351.9,18564.4,65027.8,0,4424.44,1881.78,3344.12,1936.89,4634.39,0,4866.76,0,5553.01,0,2806.45,1569.23,3034.08,4144.6,6204.12,3687.07,4370.21,2683.73,5567.01,5474.5
"22","A0A0B4J1L0|CEA15_MOUSE","Carcinoembryonic antigen-related cell adhesion molecule 15","Ceacam15",6,1,63129.2,79146,96485.8,81890.3,91541.4,52698.8,49652.5,50119,47602.1,49246.5,84520.9,69405.5,46080.4,110978,83755.2,70221.4,91589.5,67535.5,55976.9,57176.9,49696.7,32062.4,63612,52764,47831.5,22409.3,54666.9,64559.9,52831.7,56762.8,54525.8,47675.2,37323.4,44298.1,45475.8,63293.2,54238.2,27597.9,42416.1,36300.2,46119.7,49136.9
"23","P04186|CFAB_MOUSE","Complement factor B (EC 3.4.21.47) (C3/C5 convertase) [Cleaved into: Complement factor B Ba fragment; Complement factor B Bb fragment]","Cfb",151,21,3030000,2570000,2720000,2740000,4530000,4250000,5910000,3080000,3220000,3290000,2110000,2540000,2710000,2690000,3020000,2880000,4490000,4190000,5440000,3820000,4320000,2750000,2600000,2050000,2530000,1760000,2690000,2520000,2350000,2380000,2450000,2590000,2320000,2040000,2230000,2250000,2900000,2490000,2480000,2510000,2390000,2350000
"24","P06909|CFAH_MOUSE","Complement factor H (Protein beta-1-H)","Cfh",344,48,3840000,3950000,5e+06,4270000,8880000,7640000,9560000,5070000,5110000,6610000,3170000,3790000,4130000,3760000,4030000,3920000,7960000,7720000,7770000,7600000,6530000,4950000,3850000,3890000,3620000,2870000,3770000,3580000,3450000,3760000,3870000,3620000,3520000,3280000,3640000,3450000,4560000,3440000,3950000,3930000,3690000,3660000
"25","P11680|PROP_MOUSE","Properdin (Complement factor P)","Cfp",56,8,307962,369621,451374,318885,571476,487758,776617,325585,666490,591028,391728,361129,243345,433271,485435,362372,726844,550179,506546,315360,590786,291833,303385,289274,274995,147614,280470,301668,319328,250477,275818,272709,246022,225161,268599,313818,328266,206791,319424,285737,331176,329939
"26","Q9D7S9|CHMP5_MOUSE","Charged multivesicular body protein 5 (Chromatin-modifying protein 5) (SNF7 domain-containing protein 2)","Chmp5",6,1,166965,60988.7,130451,166111,116643,241512,161589,238741,196866,286350,77495.5,101094,362024,63753.5,215771,167314,164613,194492,171970,215807,129679,193917,0,0,347217,1390000,404877,281578,0,222307,0,341904,398234,405459,288120,215122,245194,699748,0,291380,199936,157237
"27","Q3SXB8|COL11_MOUSE","Collectin-11 (Collectin kidney protein 1) (CL-K1)","Colec11",6,1,8571.07,10694.3,11678,9144.66,14927.6,7930.02,14064.1,6879.05,8032.95,6113.42,11092.7,7037.45,7725.48,11585,12385.1,11545.3,14291,11129.3,9850.15,8059.02,6864.35,6522.48,8151.24,5149.12,5515.71,2015.93,6865.46,9376.32,8603.01,8821.6,6036.85,8124.66,7185.92,3875.44,3936.21,5423.19,7589.2,7125.84,7565.64,7082.77,7737.9,8846.6
"28","Q61147|CERU_MOUSE","Ceruloplasmin (EC 1.16.3.1) (Ferroxidase)","Cp",293,41,4360000,5070000,5320000,4820000,7720000,8010000,10300000,5120000,3970000,6810000,4490000,4790000,4480000,5600000,5140000,5770000,7230000,7070000,1e+07,7050000,18100000,5860000,3990000,3790000,4230000,3160000,3710000,3770000,4230000,3640000,4020000,3960000,3900000,3510000,4100000,3610000,4430000,3800000,4590000,4820000,4330000,4420000
"29","Q9JHH6|CBPB2_MOUSE","Carboxypeptidase B2 (EC 3.4.17.20) (Carboxypeptidase R) (CPR) (Carboxypeptidase U) (CPU) (Thrombin-activable fibrinolysis inhibitor) (TAFI)","Cpb2",17,3,36731.1,48685.8,57920.1,53806.1,119926,114726,119528,74470.5,61219.7,66372.3,36212.2,58286.5,64288.6,42583.1,64341.3,57711.3,85674.4,105654,130635,128068,67275.9,82303.9,41967.4,41165.8,41399.4,32737.2,46186.7,43946.6,44204.8,50254.6,43861.7,48388.9,49636.5,39148,40534.1,36839.4,58514.9,37194.1,39853.4,56424.3,48601.8,43376.2
"30","Q923L3|CSMD1_MOUSE","CUB and sushi domain-containing protein 1 (CUB and sushi multiple domains protein 1)","Csmd1",12,2,17833.7,30828.6,43107.5,27134.2,146334,167399,209536,56463.1,30014.6,147898,15584.6,17599,38469.4,19029,30542.7,63593.9,102207,121669,164934,124662,279260,39797.6,34278.8,40847.8,31818.7,38022.9,29303.9,20095.2,29640.6,29629.8,35915.5,35880.5,35976,40071.5,30239.1,25250.1,46598.7,33902.7,40156.9,48036.9,36501,34138.9
"31","P10598|CASB_MOUSE","Beta-casein","Csn2",6,1,288222,331097,0,766856,1510000,833244,1200000,2738.71,1420000,81024.8,785096,729561,1130000,400922,1030000,877077,1230000,467687,1490000,674165,953120,163730,0,5962.96,76902.7,4274.11,970947,863913,771704,0,23227.2,912019,849669,31773.7,92537,26369.3,181117,743100,26776.5,588231,385026,867509
"32","P30999|CTND1_MOUSE","Catenin delta-1 (Cadherin-associated Src substrate) (CAS) (p120 catenin) (p120(ctn)) (p120(cas))","Ctnnd1",6,1,2023.7,7101.51,1518.96,5992.42,2141.72,7272.32,4126.74,7607.21,4890.51,11756.3,966.13,6916.75,13343.9,1444.4,5624.23,6859.65,2975.54,6313.96,3810.81,5625.43,4244.94,16448.3,8558.62,7710.83,8919.18,26649.4,5164.12,3911.51,9184.96,0,9042.99,10522.6,9018.78,9288.47,6948.13,2165.96,6652.26,16057.5,11843.3,16011.9,13663.1,12137.9
"33","Q059Y8|DCST1_MOUSE","E3 ubiquitin-protein ligase DCST1 (EC 2.3.2.27) (DC-STAMP domain-containing protein 1) (RING-type E3 ubiquitin transferase)","Dcst1",6,1,99935.1,129249,148360,118477,169879,125809,179933,115091,90545.8,111755,144626,134317,85026.3,165662,130874,152881,140112,127144,148936,128913,281054,97304.3,105888,91875.8,91634.5,48692.8,78611.7,83399.6,90283.4,0,92281.7,82706.4,78654.3,65340.7,75219.9,90104.7,95864.8,61855.4,92330.6,83093.9,98298.1,106539
"34","Q6NZG4|DDIAS_MOUSE","DNA damage-induced apoptosis suppressor protein (Nitric oxide-inducible gene protein)","Ddias",6,1,28416.7,29478.3,38150.3,25593.2,48187.3,33200.5,49546.8,26650.5,25801.8,31933.1,32984.7,27509.9,23145.2,45941.7,35070.8,40614.9,35969.7,36275.9,38719.4,33586,76014.2,21946.1,30438.4,26172.7,23567.5,12370.5,18429.4,21700.2,23470,0,26090.2,22757.8,19597.7,15885.5,21646.2,22464.6,24625.6,17972.6,26055.9,21951.5,26475.1,28341.7
"35","Q99L04|DHRS1_MOUSE","Dehydrogenase/reductase SDR family member 1 (EC 1.1.-.-)","Dhrs1",4,1,0,733.07,0,0,2174.39,5047.47,0,5226.56,0,3925.25,0,0,4724.48,0,3496.96,0,3328.88,4297.89,5465.92,4850.56,4540.83,0,0,2114.95,2889.2,0,3746.72,2979.58,0,0,0,0,2369.85,2273.3,0,0,1693.26,0,0,0,0,0
"36","Q3V0Q1|DYH12_MOUSE","Dynein heavy chain 12, axonemal (Axonemal beta dynein heavy chain 12) (Axonemal dynein heavy chain 12-like protein) (Axonemal dynein heavy chain 7-like protein) (Ciliary dynein heavy chain 12)","Dnah12",6,1,23539.3,43512.6,71887.8,55662,165044,43577.5,118561,339.98,71782.7,0,44382.3,51925.4,53642.9,3356.62,80425.1,55132.7,123875,40357.8,124589,50687.9,91033.1,0,0,0,0,0,66268.3,66523.8,55628.4,0,0,57583.3,48741.1,294.84,0,0,10930.5,24117.7,0,39055.4,24562,56547.4
"37","Q9D9T8|EFHC1_MOUSE","EF-hand domain-containing protein 1 (Myoclonin-1)","Efhc1",5,1,644814,414194,486233,477991,1010000,518207,788997,0,1540000,74337.4,332746,341893,785098,260598,510605,511027,739127,335478,1050000,463890,517904,104901,32582.6,17047.9,43825.3,0,555463,477824,479067,0,32534.3,496332,516719,19314.7,73115.5,29508.8,104478,615773,19414.5,397060,220864,484187
"38","Q91YE3|EGLN1_MOUSE","Egl nine homolog 1 (EC 1.14.11.29) (Hypoxia-inducible factor prolyl hydroxylase 2) (HIF-PH2) (HIF-prolyl hydroxylase 2) (HPH-2) (Prolyl hydroxylase domain-containing protein 2) (PHD2) (SM-20)","Egln1",5,1,8448.49,11106.6,11188.5,10229.5,16489.8,12633.8,19942.6,8706.23,8728.74,8913.61,9302.33,9441.91,6225.3,15581.4,12121.9,11155.2,16064.1,12423.2,19399.3,7196.54,31371.2,3609.06,8320.58,7823.42,6871.74,3065.46,7641.33,7814.95,7202.44,0,6481.35,6521.12,5631.42,4814.08,5772.99,6808.88,8239.93,4724.55,7129.3,4559.63,6890.42,5818.6
"39","Q7TT37|ELP1_MOUSE","Elongator complex protein 1 (ELP1) (IkappaB kinase complex-associated protein) (IKK complex-associated protein)","Elp1",6,1,11315,9374.26,7040.43,13637.5,5746.76,25952.4,7498.04,17943.2,5815.79,16628.8,6353.91,9123.65,19382.2,8144.72,14740.5,12696,12118.7,11704.1,14594,11360.5,4864.36,16849.3,17009.4,20500.5,31419.5,65492.4,30878.2,4749.99,14286.7,0,22504.2,17752,33598,45410.9,32290.2,4942.17,17882.8,23782.3,11348.5,13539.2,12492.3,9964.22
"40","Q9D4H1|EXOC2_MOUSE","Exocyst complex component 2 (Exocyst complex component Sec5)","Exoc2",5,1,23328.3,12068.8,14733.9,14309.2,32651.8,25169.8,26961.6,24105.8,34185.7,22853.1,0,0,18916.8,12994.9,13409.2,16838.4,26623.9,29393,32263.7,38784.3,31670.7,3070.73,0,14040.7,14850,13931.1,0,8854.24,0,0,0,13684.6,11099.4,11429.6,10534.6,8721.22,15150.5,16168.8,0,0,11396,12202.2
"41","Q5SRY7|FBW1B_MOUSE","F-box/WD repeat-containing protein 11 (F-box and WD repeats protein beta-TrCP2) (F-box/WD repeat-containing protein 1B) (Homologous to Slimb protein) (HOS)","Fbxw11",6,1,15472.6,61703.5,53688.8,96296.6,145391,138629,126409,650479,30816.9,900386,32466.5,129435,88803,32196.5,12372.9,2170.2,53731.5,325529,22612.4,85041.8,256174,495455,226745,686194,51355.6,154689,51593.1,34948.2,108670,0,510601,75972.6,17724.2,498182,371924,200362,71714.1,136621,494058,270192,280360,137428
"42","O70165|FCN1_MOUSE","Ficolin-1 (Collagen/fibrinogen domain-containing protein 1) (Ficolin-A) (Ficolin-alpha) (M-ficolin)","Fcn1",5,1,2376.45,0,0,0,4563.9,0,4076.07,2341.74,3097.89,2638.95,1480.94,830.77,2602.66,3938.39,3757.37,0,3375.05,2510.54,2583.29,2888.76,2411.51,559.09,0,1201.33,1861.77,1267.43,758.28,2442.34,0,0,1089.13,1345.93,1082.88,354.7,403.22,1710.33,2022.48,1604.45,2072.84,721.52,1896.9,3144.49
"43","E9PV24|FIBA_MOUSE","Fibrinogen alpha chain [Cleaved into: Fibrinopeptide A; Fibrinogen alpha chain]","Fga",183,25,16300000,15100000,16900000,16300000,37200000,13200000,28100000,68226.4,31700000,1500000,15100000,13100000,20700000,9620000,2e+07,18600000,24500000,9520000,30100000,13500000,23500000,2540000,772835,428285,1240000,152008,15800000,15300000,14700000,15100000,647027,15700000,13600000,425159,1530000,583597,2980000,1.3e+07,528844,10600000,7090000,15900000
"44","Q8K0E8|FIBB_MOUSE","Fibrinogen beta chain [Cleaved into: Fibrinopeptide B; Fibrinogen beta chain]","Fgb",317,40,15200000,14400000,1.8e+07,15300000,35100000,12600000,25900000,79266,28600000,1180000,14100000,12500000,18400000,9050000,17900000,17700000,24500000,8830000,29100000,12800000,22900000,2340000,698312,348966,1080000,102480,15600000,15100000,14400000,14600000,332617,14100000,13800000,338604,1310000,368487,2760000,10900000,372401,9720000,6450000,1.6e+07
"45","Q8VCM7|FIBG_MOUSE","Fibrinogen gamma chain","Fgg",207,30,8390000,9430000,11900000,10100000,23200000,8270000,16800000,57916,16100000,837020,9430000,8570000,12800000,6030000,1.2e+07,11500000,16300000,5740000,1.9e+07,8340000,14700000,1630000,510478,234809,758244,55224.7,9840000,10100000,9850000,9740000,256795,8980000,8620000,268158,889052,267362,1920000,6410000,261815,6500000,4480000,10400000
"46","Q2VIS4|FILA2_MOUSE","Filaggrin-2 (FLG-2) (Intermediate filament-associated protein)","Flg2",5,1,10561.3,12712.8,14724.6,15070.8,20789.8,20844.9,24916.2,14628.8,11040.5,15625.4,10764.8,13248.1,12232.1,13409.6,16819.8,15258.4,23000.5,19206.9,30850.7,19329.2,37461.6,13746.2,12789.8,12472.9,13007.4,9000.45,14707.3,14549.1,0,0,0,7946.18,11664.4,12550,11775.3,11529.4,14883.1,8327.62,14136.1,13323.6,11217.9,11800.8
"47","Q6NVD0|FREM2_MOUSE","FRAS1-related extracellular matrix protein 2 (ECM3 homolog) (NV domain-containing protein 1)","Frem2",5,1,11005.3,12742.2,19689.8,12538.7,50355.2,19212.4,54619,22090.2,20123.8,15566.8,10342.5,6857.72,10056.8,18950.2,16414.9,17111.4,38601.3,34110,42962.5,50616,50734.1,9688.84,9714.07,11316.4,4389.96,3556.93,8089.51,8768.69,12370.4,0,7949.81,6494.47,5972.53,4081.72,7918.19,10667.4,20334.9,6172.14,10745.5,7966.96,7759.56,7842.21
"48","P16858|G3P_MOUSE","Glyceraldehyde-3-phosphate dehydrogenase (GAPDH) (EC 1.2.1.12) (Peptidyl-cysteine S-nitrosylase GAPDH) (EC 2.6.99.-)","Gapdh",10,2,0,0,0,4381.8,10450,12856.5,4704.23,36868.7,7819.09,64324.1,1095.94,12810.8,23575.5,1900.72,0,0,2243.36,29313.6,5204.7,3951.75,7452.9,26856,25393.7,114071,7868.1,19304.1,1497.7,0,1464.58,0,37655.5,0,0,36301.6,33627.3,24257.4,12508.9,7846.84,21049,14444.1,9549.64,876.29
"49","O88513|GEMI_MOUSE","Geminin","Gmnn",6,1,11851.1,14727,17814.8,18941.8,5635.01,32649.6,5726.42,28181.7,12411.8,14126,11889.5,15862.9,25383.6,13508.4,18522.2,18065,13593.8,14229,15517.7,15059.9,3263.27,24276.5,20895.3,22088.5,26375.2,41813.9,35879.8,25627.3,19792.5,20298.2,22767,24372.8,30541.3,34754.4,26374.3,21068.6,32042.1,23804.8,20750,26091.7,18678,18154.3
"50","P13020|GELS_MOUSE","Gelsolin (Actin-depolymerizing factor) (ADF) (Brevin)","Gsn",124,17,1310000,1480000,1360000,1650000,1380000,1660000,1450000,1700000,1650000,1410000,1350000,1330000,1700000,1360000,1450000,1480000,1410000,1600000,1520000,1450000,635924,1640000,2290000,2250000,2330000,1490000,2040000,2230000,2360000,2090000,2230000,2230000,2310000,2090000,2280000,2250000,2090000,2020000,2300000,2280000,2510000,2430000
"51","P01898|HA10_MOUSE","H-2 class I histocompatibility antigen, Q10 alpha chain","H2-Q10",50,5,697475,954378,1230000,801075,1350000,810601,1110000,850840,672602,764577,961727,959715,654091,961031,813666,798194,1070000,1150000,902079,953944,506698,638170,678789,665080,523252,252336,537335,518111,621602,514270,635547,505769,475771,452856,516840,636045,747131,392324,702696,613415,639335,700906
"52","P01942|HBA_MOUSE","Hemoglobin subunit alpha (Alpha-globin) (Hemoglobin alpha chain)","Hba",69,10,667415,1150000,1010000,2410000,2180000,6330000,1910000,18500000,994373,26900000,293470,889148,3260000,792651,298131,413289,1030000,6220000,932126,2050000,2510000,9850000,7780000,22900000,2750000,1.1e+07,3210000,1650000,1630000,3860000,16400000,2290000,386195,30400000,18400000,9170000,1690000,7940000,8260000,4620000,4030000,1460000
"53","P02088|HBB1_MOUSE","Hemoglobin subunit beta-1 (Beta-1-globin) (Hemoglobin beta-1 chain) (Hemoglobin beta-major chain)","Hbb-b1",32,5,1360000,2780000,2520000,5590000,5010000,13500000,4620000,3.7e+07,2070000,46700000,905812,3270000,5020000,1830000,804550,938238,2340000,13900000,1820000,3880000,6730000,22100000,18600000,53100000,5250000,18200000,6360000,3630000,5190000,11100000,34800000,4530000,1920000,63100000,38500000,2.3e+07,3400000,10500000,17500000,8940000,9160000,4030000
"54","Q61646|HPT_MOUSE","Haptoglobin [Cleaved into: Haptoglobin alpha chain; Haptoglobin beta chain]","Hp",130,20,108231,201835,888958,378192,4160000,5660000,4490000,1230000,1700000,2640000,34790.5,103931,193614,0,0,230569,4650000,3290000,7260000,4580000,4090000,206297,7869.56,754.99,6053.62,6438.5,1687.37,15791.5,0,14250.4,398.96,0,249.79,8016.69,8683.4,0,33938.1,10458.9,4406.38,0,11999.9,16333.4
"55","Q91X72|HEMO_MOUSE","Hemopexin","Hpx",177,26,1.4e+07,9760000,11900000,9610000,35400000,39300000,46600000,14700000,24800000,2.7e+07,4730000,6400000,13700000,10500000,10300000,17300000,29500000,30600000,48200000,35700000,54700000,11800000,9510000,9680000,9810000,7970000,11100000,9070000,8610000,9290000,8870000,9650000,10800000,9600000,8850000,9730000,12900000,11600000,9120000,10300000,9260000,8230000
"56","P20029|GRP78_MOUSE","Endoplasmic reticulum chaperone BiP (EC 3.6.4.10) (78 kDa glucose-regulated protein) (GRP-78) (Binding-immunoglobulin protein) (BiP) (Heat shock protein 70 family protein 5) (HSP70 family protein 5) (Heat shock protein family A member 5) (Immunoglobulin heavy chain-binding protein)","Hspa5",5,1,3261.03,2235.42,3097.75,3844.44,7991.86,6654.39,9831.34,929.01,7210.53,4855.95,0,2460.46,12693.1,5749.26,4142.44,5332.67,3633.35,5254.6,8843.27,5181.86,8102.12,4623.36,2441.16,3296.01,1825.77,1981.34,2924.47,1899.01,2599.06,0,2329.95,1041.2,1602.3,574.03,2385.32,1917.69,1039.74,3702.78,1730.47,1937.54,1133.13,1348.11
"57","B8JK39|ITA9_MOUSE","Integrin alpha-9","Itga9",6,1,140465,176264,179146,197638,84968.4,92340.7,101752,165656,71089.5,145931,181395,165404,178556,183144,188173,164158,133405,112789,119056,125940,116936,112863,193748,184573,268512,253177,222821,266160,223012,0,216975,226582,219708,233659,239102,226871,219072,201900,224432,206512,227245,195530
"58","Q61703|ITIH2_MOUSE","Inter-alpha-trypsin inhibitor heavy chain H2 (ITI heavy chain H2) (ITI-HC2) (Inter-alpha-inhibitor heavy chain 2)","Itih2",73,11,675697,877342,871596,832091,990946,777596,1080000,781747,656811,839454,799371,897268,711801,1010000,822508,862441,965432,962150,840032,859015,987199,836717,680514,672865,635749,455535,571970,610513,622234,530899,672010,631839,515285,497918,514051,637781,700451,530434,740853,667423,652689,758570
"59","Q61704|ITIH3_MOUSE","Inter-alpha-trypsin inhibitor heavy chain H3 (ITI heavy chain H3) (ITI-HC3) (Inter-alpha-inhibitor heavy chain 3)","Itih3",95,12,632095,653170,673363,540046,2240000,1540000,2500000,826074,1250000,1230000,485034,524277,647178,775723,713212,779307,1680000,1710000,1690000,1860000,1940000,808529,494373,499449,484277,354318,399771,391306,474365,418952,501095,446905,520298,500299,545853,517146,613206,431651,543762,498963,524112,591311
"60","A6X935|ITIH4_MOUSE","Inter alpha-trypsin inhibitor, heavy chain 4 (ITI heavy chain H4) (ITI-HC4) (Inter-alpha-inhibitor heavy chain 4)","Itih4",106,17,1390000,1170000,1070000,1020000,3730000,3530000,3240000,2510000,2930000,2760000,847236,966491,1610000,1120000,1360000,1270000,2790000,3230000,3900000,5210000,4020000,1800000,1160000,1050000,1140000,1080000,1150000,1020000,1050000,946717,1140000,1150000,1230000,1030000,1160000,934337,1490000,1370000,1300000,1390000,1260000,1250000
"61","Q50H33|KCTD8_MOUSE","BTB/POZ domain-containing protein KCTD8","Kctd8",6,1,1960000,2100000,2540000,2040000,4130000,1300000,2940000,14126.7,3340000,143081,2070000,1810000,2060000,1220000,2250000,2330000,2910000,1080000,3230000,1400000,2690000,306300,116932,53961,144741,4784.24,1520000,1660000,1850000,1870000,60446.7,1550000,1340000,42141.3,176976,59795.4,391179,1180000,71601.2,1160000,871297,2080000
"62","P33175|KIF5A_MOUSE","Kinesin heavy chain isoform 5A (Kinesin heavy chain neuron-specific 1) (Neuronal kinesin heavy chain) (NKHC)","Kif5a",5,1,165518,179343,196556,228222,73151.9,165563,103936,263700,95629.2,294831,155386,184856,275559,174655,216317,231147,117400,212600,194576,218421,92852.2,240877,283542,266403,321959,787522,300102,268894,267266,0,288273,288871,312566,410388,313105,276841,287445,355834,266965,301304,254211,198585
"63","Q80W68|KIRR1_MOUSE","Kin of IRRE-like protein 1 (Kin of irregular chiasm-like protein 1) (Nephrin-like protein 1)","Kirrel1",11,2,2830000,2330000,2200000,2390000,2440000,2360000,3480000,2300000,2590000,2530000,1920000,2460000,2310000,1710000,2670000,3370000,2550000,2770000,2490000,2590000,4800000,2740000,2380000,2180000,2e+06,1210000,1640000,1820000,2080000,2e+06,1870000,1840000,1620000,1470000,1700000,1800000,2110000,1670000,2230000,2290000,2190000,2060000
"64","Q8BYR2|LATS1_MOUSE","Serine/threonine-protein kinase LATS1 (EC 2.7.11.1) (Large tumor suppressor homolog 1) (WARTS protein kinase)","Lats1",6,1,14842.2,28340.7,29012.9,23016.5,31025.8,23016,27661.5,29101.5,19569.8,24551.2,33247.4,43577.8,19367.9,8692.15,31354.1,21038.2,30827.4,28979.6,28067.3,20859.8,16418.6,21736.2,25150.6,32511.6,30754.7,16575.6,36100.2,44396.2,33983.8,0,31140.7,39442.4,32576.3,32692.9,37911.1,44622.7,33360.8,20157,37694.8,39064.5,39848.7,41114.1
"65","Q8C142|ARH_MOUSE","Low density lipoprotein receptor adapter protein 1 (Autosomal recessive hypercholesterolemia protein homolog)","Ldlrap1",5,1,105153,107302,139367,106684,221525,154406,202282,95781.3,145420,124046,81891.5,73443,88786.6,115063,104839,108398,192832,140258,198317,148339,153648,86943,84407.6,80368.3,72666.6,48111.5,88524.2,83352.9,84209.5,0,79371.9,91228.9,85463.7,71218.1,76031.1,84642,86276.6,75401.7,73001.2,66653.6,71650.3,78205.3
"66","P51885|LUM_MOUSE","Lumican (Keratan sulfate proteoglycan lumican) (KSPG lumican)","Lum",17,2,36358.3,42136.3,42465.5,45111.4,34505.6,41716.4,32874.9,38835.9,33940.9,30394,30312.2,27913.8,33111.7,36428.9,36102.6,36449.1,42144.9,34833.6,24304.4,21865.1,16090.9,37204.5,66259.2,71181,66398.1,23088,52633.8,59831.3,28394.1,23120,68939,58955.1,55687.4,55510.5,67370.2,95251.4,76098.9,57267.2,47152.7,58062.2,67639.6,64169.8
"67","P08905|LYZ2_MOUSE","Lysozyme C-2 (EC 3.2.1.17) (1,4-beta-N-acetylmuramidase C) (Lysozyme C type M)","Lyz2",6,1,0,4918.95,6419.52,3261.96,21850.3,42229,52550.8,20242,27561.3,36922,5278.91,6125.55,7858.19,8022.56,10739.6,4542.5,25975.9,36124.9,38369.3,17119.2,54521.1,16275.1,13259.1,15429.9,14483,11522,7246.17,6544.93,4469.52,0,15580.6,3845.44,4122.03,11384.5,16053.3,16793.6,18696.1,3763.06,13105.1,4383.35,8367.61,3298.53
"68","Q6JPI3|MD13L_MOUSE","Mediator of RNA polymerase II transcription subunit 13-like (Mediator complex subunit 13-like) (Thyroid hormone receptor-associated protein 2) (Thyroid hormone receptor-associated protein complex 240 kDa component-like)","Med13l",6,1,63390.7,60165.5,59380,57936.5,79120.8,70915.6,94078,62005.2,0,63092.2,53144.4,53836,58545.2,66042.6,66516,77064.2,69252.8,79280.9,70443.2,73261,111870,61883.2,59184.6,50545.1,52176.4,39522.9,44919.7,45175.2,56734.6,0,53067.6,45727,43499.2,39651.2,41778,45502.8,57447.7,41791.1,54810.9,55186.4,56217,59817.3
"69","Q80WQ8|M18BP_MOUSE","Mis18-binding protein 1 (Kinetochore-associated protein KNL-2 homolog)","Mis18bp1",6,1,0,17173,24454.4,31304.3,36453.5,126770,17239.9,37187,4184.84,48397.1,24577.6,24281.9,37694.6,0,12304.8,34697.1,30184.1,19045.2,0,17310.1,16217.6,26710.9,34396.8,21662.8,39836.6,58448.4,88285.2,0,18084.1,0,33527.5,35288.5,89878.4,81361,80444.3,0,20211.6,18722.8,42065.2,39119.8,29765,29036.3
"70","D3Z750|MRO2A_MOUSE","Maestro heat-like repeat-containing protein family member 2A (HEAT repeat-containing protein 7B1)","Mroh2a",6,1,19771.5,101832,92047.5,125183,104383,90144.1,122249,107535,194829,15418.3,74430.7,75275,144035,85559.1,119939,108157,93162.2,80099.3,102822,130794,55012,93268.8,186680,184775,195024,184414,173283,185739,179284,0,192998,200871,218176,188515,167850,142617,108795,226696,197078,162326,153519,163004
"71","P28666|MUG2_MOUSE","Murinoglobulin-2 (MuG2)","Mug2",12,1,2188.15,350166,393019,374330,307707,418811,198950,384261,0,383597,354550,404481,400104,11066.1,355837,333333,343228,389102,226414,266613,130528,421813,382489,377274,385078,418256,344215,175184,330760,0,341200,307320,439842,389664,410675,354659,449312,404687,469707,472309,409557,455661
"72","Q9WU42|NCOR2_MOUSE","Nuclear receptor corepressor 2 (N-CoR2) (Silencing mediator of retinoic acid and thyroid hormone receptor) (SMRT) (SMRTe) (T3 receptor-associating factor) (TRAC) (Thyroid-, retinoic-acid-receptor-associated corepressor)","Ncor2",6,1,3425.87,12031.1,0,0,0,4153.48,0,5662.3,4187.4,3692.06,15666.2,4075.19,0,7706.4,0,6697.31,1895.42,5180.58,8325.34,0,5106.06,547.16,10482.8,7753.08,9164.89,5524.24,0,0,0,0,7911.02,6530.11,9168.91,0,11502.4,0,0,6366.38,0,4873.94,9788.3,12264
"73","Q9ES74|NEK7_MOUSE","Serine/threonine-protein kinase Nek7 (EC 2.7.11.1) (Never in mitosis A-related kinase 7) (NimA-related protein kinase 7)","Nek7",6,1,95717.3,65786.5,74706.3,97056.7,45766.6,89485.6,49659.8,84215.4,74427.8,62088,45486.4,43855.4,71228.4,69123.3,92621.3,80066.1,81226.7,60647.2,92115.7,72909,36213.6,54929.6,98737.8,96828.9,132107,88759.4,167633,149367,85559.3,108930,98153.6,111812,136984,157194,140829,199010,115489,77254.4,71014.9,68672.6,74785.2,56834.1
"74","Q8CCN1|NAL10_MOUSE","NACHT, LRR and PYD domains-containing protein 10","Nlrp10",6,1,15896,21893.4,26319.9,18633.2,41921.9,9911.34,25194.1,0,20314.5,0,26901.7,17379.9,15051.9,11629.6,20145.8,20930.9,27965.5,0,26105.6,9934.55,28696.7,0,0,0,0,0,10699.4,14833.7,14152.1,0,0,14261.4,14640.5,0,0,0,0,10744.3,0,0,4411.08,21086.1
"75","Q91X05|PODO_MOUSE","Podocin","Nphs2",6,1,36965.4,20195.7,23664,29560.7,14329.3,18675.8,18803,28769.4,28340.7,28786.9,17386.5,2766.85,30900.5,23247.1,37143.4,21527.2,20783.9,21945.2,19419.6,23198.9,0,15702.9,32453.8,36103.6,34864.1,28124.1,54590.4,46904.7,40869.7,0,41432.1,39986.4,36292.4,39960.8,38824.9,40270.6,38178,43116,39767.3,34247.2,30284.1,14758.8
"76","Q8C5P5|NT5D1_MOUSE","5'-nucleotidase domain-containing protein 1 (EC 3.1.3.-) (Cytosolic 5'-nucleotidase II-like protein 1)","Nt5dc1",6,1,35645.6,20012,21290.6,28216.5,12218.9,19728.5,16046.1,23379.5,28475.6,17848.9,12381.6,10256.8,27583.5,22386.7,29454.1,25514.3,17290.2,17953.4,18401.1,18137.6,10296.4,12030.4,33769.6,27449.9,40293.3,25463.2,42382.1,38034.9,29569.1,0,35098.8,32115,33392.5,28932.9,31230.5,30772.3,24720.4,29286.5,21609.6,19535.3,21413.4,16415.6
"77","Q3UQ22|NET5_MOUSE","Netrin-5 (Netrin-1-like protein)","Ntn5",6,1,23348,24760.7,30427.1,22236.5,52047.2,32203.4,55308.7,31256.6,11639.4,33722.8,33151.1,37513.1,22956.6,30561.1,30011.2,28458.2,40120.7,40684.4,29559.3,41112.8,23729.6,16169.7,20138.5,23825.9,15762.3,8713.84,16402,21732.7,21516.9,0,20085.5,22817.6,21478,13799.9,23405.6,18894.9,29603.8,15756.9,26243.8,24304.4,27540.4,31061.5
"78","Q60590|A1AG1_MOUSE","Alpha-1-acid glycoprotein 1 (AGP 1) (Orosomucoid-1) (OMD 1)","Orm1",24,4,8902.88,33365.2,22462,26747.8,99062.2,95905.5,115901,41455.7,32043.7,53877.2,18654.2,23346.9,34804.2,3174.07,32306.7,39034.6,58692.1,67555,100012,99712.8,140263,28643.3,22713.3,21432.8,23395.4,19424.9,18588,19086.1,7527.68,9883.89,22317.5,17922.3,19184,17253.2,21790.5,17533,28535.9,17365.1,22282.5,25171.2,21020.3,25474.5
"79","Q80UF9|OTOP3_MOUSE","Proton channel OTOP3 (Otopetrin-3)","Otop3",6,1,5063.08,6621.35,10315.7,4791.09,12583.6,3862.54,5692.78,4004.05,5964.12,0,9375.16,6543.9,6002.74,6030.04,6468.3,6191.68,7860.53,1737.11,8603.37,861.74,6587.55,0,0,0,0,0,4016.31,5167.11,6501.15,0,0,5751.03,763.04,0,0,4850.47,5273.02,3985.62,0,3704.14,0,8907.56
"80","Q6NZE7|F122B_MOUSE","PABIR family member 2","Pabir2",6,1,143439,177576,180877,202048,84080.2,147720,101047,170845,84622.3,172198,184476,189003,188578,184479,190968,188207,136780,136786,124081,128736,116102,180624,218302,209331,273560,298162,255827,264215,227630,0,222263,230253,261030,282509,278176,256945,219589,207692,231281,240969,232449,198277
"81","Q8CB19|PHTF2_MOUSE","Protein PHTF2","Phtf2",6,1,0,16868.6,16074.2,16758.8,34402.2,15323.2,41438.5,21773.3,30977.3,12296.4,9621.29,10184.4,12654.3,0,11846.9,22509.7,16257.6,31042.4,16952.8,33632.8,48269.6,5159.77,12236.4,9076.88,9953.67,3315.86,0,0,6695.43,0,11502.6,11374,7050.4,863.35,9790.61,0,13980.2,15990.1,17765.4,18892.7,18164.3,20213.1
"82","Q8BTP0|PIGZ_MOUSE","GPI mannosyltransferase 4 (EC 2.4.1.-) (GPI mannosyltransferase IV) (GPI-MT-IV) (Phosphatidylinositol-glycan biosynthesis class Z protein) (PIG-Z)","Pigz",6,1,34772.7,18164.2,25755.8,21259.1,68622.9,71377.2,105044,34940.2,62142.8,43904.2,5339,854.27,27869.9,22763.1,25006,37727.6,63339.1,57774.5,111248,76992.8,85787.7,15131,21779.7,20756.1,21416.6,19240.6,34064.6,25853,19789.5,0,20147.2,24289.4,27091.2,22944.7,19656,22181.4,27319.2,27732.9,16547.5,17046,16355.1,13595.8
"83","Q50L42|PA24E_MOUSE","Cytosolic phospholipase A2 epsilon (cPLA2-epsilon) (EC 3.1.1.4) (Calcium-dependent N-acyltransferase) (Phospholipase A2 group IVE)","Pla2g4e",6,1,31623,21481.6,25766.2,22845.4,27283.6,0,27704.4,12797.7,17712.2,12874.4,22882.5,23310.2,19049.2,41235.3,26727.7,28163.8,25157.1,17946.2,17322.4,16476,53717.9,0,16462.4,14033.9,13624.9,5409.29,12560.9,23217.5,23378.7,0,10297.7,14159.2,10713.7,0,0,14429.3,18155.6,9715.48,16801.8,12700,15009.8,14646.8
"84","Q60963|PAFA_MOUSE","Platelet-activating factor acetylhydrolase (PAF acetylhydrolase) (EC 3.1.1.47) (1-alkyl-2-acetylglycerophosphocholine esterase) (2-acetyl-1-alkylglycerophosphocholine esterase) (LDL-associated phospholipase A2) (LDL-PLA(2)) (PAF 2-acylhydrolase)","Pla2g7",20,4,35927,20912,24921.3,31900.4,88216.8,67401.1,202610,32669.7,98815,85288.3,23772.9,22048,27176.2,29143.6,28774.6,25513,73572.9,74603,120924,50180.6,186207,28438.6,26014,29439.8,30283.5,21163,26737.5,23886.7,26112.1,18883.1,19213.5,27739.4,26721.4,21626.9,26223.3,17321.5,33485.2,27753.6,27528.5,27970.4,25232.5,21336.7
"85","Q9Z280|PLD1_MOUSE","Phospholipase D1 (PLD 1) (mPLD1) (EC 3.1.4.4) (Choline phosphatase 1) (Phosphatidylcholine-hydrolyzing phospholipase D1)","Pld1",6,1,611511,796051,797959,553647,1250000,736440,1200000,592792,527100,776139,691175,743729,539139,716257,634440,550498,1110000,960432,808695,978709,1130000,625743,531701,531624,445315,278711,561267,547099,549029,0,528885,511805,462323,469449,504415,667782,661349,339884,639947,520770,565297,644148
"86","O88492|PLIN4_MOUSE","Perilipin-4 (Adipocyte protein S3-12)","Plin4",5,1,20493.6,15250.1,17251.4,21026.2,5937.16,18324.2,3561.88,18646.2,10140.9,26404.4,15016.6,17330.9,26990.8,26261.6,26732.5,20681.1,20024.4,14910.1,12724.8,13639.3,9052.94,23934.1,26757,26167.2,29193.9,32126.3,43975.7,52629.7,30457.4,0,27928.7,26840.2,31307.8,41753.1,31190.8,44090.9,27152.5,21303.5,21964.5,21482.4,21551.7,15412.2
"87","Q5DTT2|PSD1_MOUSE","PH and SEC7 domain-containing protein 1 (Exchange factor for ADP-ribosylation factor guanine nucleotide factor 6) (Exchange factor for ARF6) (Exchange factor for ARF6 A) (Pleckstrin homology and SEC7 domain-containing protein 1)","Psd",6,1,37052.7,35637,39235,43725.4,37359.7,91573.5,52047.4,68395.1,31323.8,103123,25629.1,41079.9,61458.9,44567.4,48795.3,57150.5,54071.7,59453.3,59519.8,53794.2,3687.15,79029.7,55825.9,63944.2,67933.1,154956,66552.1,55119.9,43256.1,0,54663.4,56184.2,72112.8,97345.7,76116,61445.2,57341,81704.4,12687.1,63280,50283,40204
"88","P29352|PTN22_MOUSE","Tyrosine-protein phosphatase non-receptor type 22 (EC 3.1.3.48) (Hematopoietic cell protein-tyrosine phosphatase 70Z-PEP) (PEST-domain phosphatase) (PEP)","Ptpn22",6,1,56021.4,26672.1,31947.3,27130.3,95819.9,37517.5,88226.1,15507.5,121311,20681.5,17820.2,14291.7,146115,29475.3,37686,40028.6,44999.5,29364.6,65741.8,32895.4,69038.5,11746.4,0,16721.1,7835.42,10001.4,34542.1,24813.3,26117.4,0,12861.6,28000.9,26001,14337,12913.5,0,9014.17,38389.7,5731.2,21854.2,16914.1,27520
"89","Q8K443|RGS13_MOUSE","Regulator of G-protein signaling 13 (RGS13)","Rgs13",6,1,290004,98102,74357.4,97677.4,53276.8,117239,77114.7,187703,265215,189819,42151.9,45884.6,208082,116793,148581,123199,92418,114593,95924.5,144399,12461.2,140268,194877,166148,257761,364707,233275,183134,210878,0,173650,199648,216740,229202,184644,79922.9,83524.9,448753,192872,221824,162068,104920
"90","Q9Z2H2|RGS6_MOUSE","Regulator of G-protein signaling 6 (RGS6)","Rgs6",3,1,88686.7,50605.5,65882.2,68740.3,96185.5,0,140705,55099.8,71785.6,0,35905.7,0,51834.1,65412.1,60002.2,71963.4,92181.4,81167.5,150552,72965.8,161222,34193.4,40707.2,46428.1,46692.1,23998.5,0,45993.8,0,0,0,0,0,22111.8,0,33733.7,0,33990.7,0,0,0,0
"91","Q69ZJ7|RIC1_MOUSE","Guanine nucleotide exchange factor subunit RIC1 (Protein RIC1 homolog) (RAB6A-GEF complex partner protein 1)","Ric1",6,1,909716,648605,875616,749566,1290000,474806,923181,10541.5,1700000,26511.9,590769,408278,961441,274871,1e+06,1030000,834696,234260,1040000,372638,722157,85664,24088,3498.41,43384.5,2654.36,859069,819572,0,0,12064.9,849964,669874,7913.21,27714.5,10841.3,99748.2,529585,13105.8,393073,271121,770622
"92","Q9JJH1|RNAS4_MOUSE","Ribonuclease 4 (RNase 4) (EC 3.1.27.-)","Rnase4",6,1,6445.58,8023.93,9172.31,7748.74,24384.8,19066.5,38207.3,10579.3,19515.7,11543.7,8733.63,6498.38,6223.09,9088.23,10176.7,12287.2,21595.6,16929.9,35137.2,20670.8,43580.4,4930.13,5819.87,6458.27,1968.06,2854.71,6762.28,9069.99,8973.69,0,0,5844,5938.52,4801.71,4909.23,7203.12,7884.96,4559.5,6070.65,3148.14,5826.22,5982.86
"93","P60122|RUVB1_MOUSE","RuvB-like 1 (EC 3.6.4.12) (49 kDa TATA box-binding protein-interacting protein) (49 kDa TBP-interacting protein) (DNA helicase p50) (Pontin 52) (TIP49a)","Ruvbl1",6,1,37105.6,56611.4,66839.2,59042.8,102648,53351.6,96872.4,3124.32,56605.6,5238,55743.1,55984.3,47574,29287.6,62766.4,67516.9,73867.9,50053,88628.8,55048.6,143649,4244.27,27742.4,3936.79,3835.12,12801.9,39394.9,42818.4,49279.2,45150.4,2717.49,38223.8,33064.1,3718.98,17519.7,20478,25012.6,27165.4,3245.53,35064.1,31697.2,49804.3
"94","E9PZQ0|RYR1_MOUSE","Ryanodine receptor 1 (RYR-1) (RyR1) (Skeletal muscle calcium release channel) (Skeletal muscle ryanodine receptor) (Skeletal muscle-type ryanodine receptor) (Type 1 ryanodine receptor)","Ryr1",6,1,9720.82,3951.64,0,6742.6,3837.51,4365.53,5340.53,11817.7,12903,6028.08,0,0,8613.84,4385.27,6711.34,6073.18,4851.15,7302.57,4535.4,0,2676.51,4079.93,10378.7,10693.9,9771.51,6891.72,11684.1,8685.65,11521.9,0,9768.81,14122.3,8327.53,9139.21,7248.04,8852.09,8665.9,14641.5,12364.7,6672.49,9248.61,5587.06
"95","P31532|SAA4_MOUSE","Serum amyloid A-4 protein (Amyloid A-5 protein)","Saa4",32,4,185578,266892,289187,234117,548208,445472,403793,209109,271951,353068,262259,98665.7,107312,269108,258269,281726,203712,249334,427889,648134,275649,264570,221718,221143,78502.3,134234,81242.1,178206,92320.5,0,79641.2,88099.7,92620.8,74512.5,97943.6,59829.8,153967,77539.4,122032,153425,101981,125061
"96","Q7TNB8|SBNO2_MOUSE","Protein strawberry notch homolog 2","Sbno2",6,1,232685,197508,258391,234606,323665,188498,321674,194576,176336,175558,203966,156981,156810,282645,248241,184410,289513,255236,252980,246632,286368,112877,183138,176468,131522,101956,179421,181992,194196,213080,179998,170234,128935,140318,136799,217707,202358,115377,189389,148937,157317,143685
"97","Q91WP6|SPA3N_MOUSE","Serine protease inhibitor A3N (Serpin A3N)","Serpina3n",45,8,230421,247069,236472,243455,430533,534508,535729,440102,345283,399648,186372,236248,358723,201604,258053,286524,360567,456131,557121,904072,543296,593568,244608,235539,278299,313698,257391,237857,253187,234486,241889,255633,292930,289773,290082,218284,266329,258806,232109,286935,239755,237290
"98","P61939|THBG_MOUSE","Thyroxine-binding globulin (Serpin A7) (T4-binding globulin)","Serpina7",13,3,9634.54,10984.9,9738.39,12106.6,29092.7,38364.9,31318.7,10285,23157.6,34844.2,9355.23,15913.1,4154.5,4901.45,16831.7,34091.8,31285.1,30687.9,40816.8,29452.4,12467.5,14421.3,5027.68,4758.25,4085.58,7509.33,0,7796.22,672.08,0,8699.13,7678.65,4686.11,3892.51,3091.85,3339.07,3439.41,3007.77,7573.72,12126,5642.08,6089.23
"99","Q9R1Z8|VINEX_MOUSE","Vinexin (SH3 domain-containing protein SH3P3) (SH3-containing adapter molecule 1) (SCAM-1) (Sorbin and SH3 domain-containing protein 3)","Sorbs3",6,1,45222.6,0,27429.2,39529.4,16509.4,20291.2,24649.6,37068.9,39499.9,29156,17832.8,15649.3,42162.9,28902.7,41368.6,39803.3,23552.7,23386.1,30078.7,27830.2,14658.6,11214.2,0,39980.3,64298.2,28010.4,57671.5,38442.9,41445.3,43011.9,45936.9,47470.2,33371.1,42313.3,45818.1,31193.9,37614.1,47008.8,29923.7,27465.4,29636,27263.7
"100","Q80VP2|SPAT7_MOUSE","Spermatogenesis-associated protein 7 homolog","Spata7",5,1,13245.4,21448.5,24364.6,22671.8,49313,15850.8,24266.1,0,16647.3,464.18,20285.9,20278.4,11635.6,10997.5,23001.5,23571.6,31032.1,12552.6,42556.6,12304.9,28399.4,0,0,0,2890.96,0,19396.5,22945,18067,0,0,11750.9,16932.5,1290.89,854.02,575.23,5149.77,7056.19,0,5563.68,4274.4,16299.8
"101","Q80WV7|SRRM3_MOUSE","Serine/arginine repetitive matrix protein 3","Srrm3",6,1,219910,216174,317803,261121,611325,208171,433165,4593.09,348910,23619.8,192387,118850,193803,144129,333117,270699,422856,139782,585690,196944,343952,17758.3,14351,8956.39,19555.6,2614.4,342075,315235,218649,0,14831.1,237547,236713,8519.98,34302.7,19689.4,45098.1,141055,6668.26,116252,77661,195193
"102","Q99JY1|TIRAP_MOUSE","Toll/interleukin-1 receptor domain-containing adapter protein (TIR domain-containing adapter protein) (Adaptor protein Wyatt) (MyD88 adapter-like protein)","Tirap",5,1,0,14149.9,10140.9,6487.78,18814.4,8048.47,18484.7,7288.73,9943.5,3853.34,11579.7,13667.5,3335.52,0,4302.23,10798.7,8332.97,16220.5,11669.3,16203.3,24028,2121.3,4227.66,4132.7,3579.72,873.01,0,0,1883.49,0,4212.12,4352.91,3181.69,0,4393.57,0,6278.68,5541.29,6732.7,7652.69,8627.87,14493.5
"103","Q91YD6|VILL_MOUSE","Villin-like protein (EF-6)","Vill",6,1,34026.7,52375.2,64863.3,43322.4,112305,103522,152185,43456.2,39812.6,78497.9,29269.7,32573.5,37432.1,58528.5,40378.5,75153.9,94532.5,90180.8,119611,94358.7,213642,34857.4,45090.8,41319.2,34001.4,31587,34591.6,37205.3,36911.3,35965.8,32271.3,32810.9,33027.9,31409.6,32076.1,39107.7,49362.2,28351,33792.6,35861.6,35682,38468.5
"104","P62761|VISL1_MOUSE","Visinin-like protein 1 (VILIP) (Neural visinin-like protein 1) (NVL-1) (NVP-1)","Vsnl1",6,1,36559.9,45711.7,48986.2,69552.8,39139,68202.5,5376.96,71300.6,52224.8,84441.8,32192.5,45108.1,124981,40204.6,52338.8,51521.8,50759.5,63627.7,46142,50239.7,12299.2,89563.8,61051,64145.7,78965.6,245422,99289.9,77643.5,63935.1,0,66218,66232.6,87620.3,78730.9,73553,60176.3,86365.2,150545,63115,88262.1,59132.2,55367
"105","Q9DB94|WDR53_MOUSE","WD repeat-containing protein 53","Wdr53",6,1,411577,472243,556510,402997,657403,377506,736166,357650,328319,409968,517101,462616,263704,649004,449635,524945,516522,506642,495727,491984,1190000,282030,364937,326011,263599,154468,260344,289981,345039,0,330620,291363,241134,215508,238590,338780,367301,241611,417318,329976,370222,405259
"106","Q9D565|WDR64_MOUSE","WD repeat-containing protein 64","Wdr64",6,1,43729.7,48296.4,42649.5,63707.3,26832.9,110852,31307.6,93899,33849.8,113900,37805.6,49738.3,82169.6,49453.8,62584,63096.6,51991.9,55264.9,62343,56308.2,33179.5,98417.4,87734.3,103119,144098,351762,130100,113533,59895.1,70661.4,98663.9,96836.6,168645,256737,176888,148732,85978.3,145727,61531.5,83251.6,72015.9,58104.8
"107","Q6ZPK7|LST2_MOUSE","Lateral signaling target protein 2 homolog (Zinc finger FYVE domain-containing protein 28)","Zfyve28",5,1,36127.6,40983,39282.5,37705.1,45942.2,52122,61788.6,39336.5,0,42464.8,33638.3,45878.6,34682,39965.4,42290.6,45676.7,48772.5,51842,47343,45565.7,71456.1,43494.9,37479.1,33905.8,32712.6,29101.6,29607.1,25508.7,33610,0,33933.9,35794.6,26192.7,16294.2,26636.2,26878.8,33552.1,27643.6,36860.7,39483.8,34614.4,35170
"108","Q9ERQ3|ZN704_MOUSE","Zinc finger protein 704 (Glucocorticoid-induced gene 1 protein)","Znf704",6,1,14963.3,13148.9,16783.4,10831.9,39892,49430.6,65594.8,13754.4,12647.6,37445.3,6786.44,11541.1,15960.4,21232.1,11811.6,21249.9,39786.9,40707.4,45310.9,41374.2,63524.1,21762.8,10519.8,12254.8,10333.7,9896.59,12347.8,19297,9152.96,10986.4,10152.1,15826,13566.9,13578.4,13559.1,10309.8,17574.1,9220.67,10356.5,15780,12716.5,13630.4
"109","Q8R0E5|ZRAS1_MOUSE","Putative uncharacterized protein ZNRD1-AS1 (T-complex testis-expressed protein 4) (ZNRD1 antisense RNA 1) (ZNRD1 antisense gene protein 1)","Znrd1-as",6,1,5629.61,6668.8,7953.53,4926.8,32326,20929.4,42081.6,9982.95,13045.2,11374.1,2704.81,2447.95,7654.13,5321.7,6949.34,10245.6,19142.7,21041.5,33395.2,28908.8,47729.9,4049.69,4245.55,3631.14,2247.11,1146.39,2203.44,3647.1,0,0,1940.33,3039.5,1863.5,974.17,2636.64,0,1774.14,3430.37,0,3067.69,0,3814.82
